,Date,P/E,P/B,Div Yield,Close
1,4/3/2006,17.16,3.26,1.15,1816.28
2,4/4/2006,17.49,3.32,1.13,1850.8
3,4/5/2006,17.67,3.36,1.12,1869.12
4,4/7/2006,17.21,3.27,1.15,1820.32
5,4/10/2006,17.12,3.25,1.15,1811.76
6,4/12/2006,16.69,3.17,1.18,1766.27
7,4/13/2006,16.32,3.1,1.21,1726.62
8,4/17/2006,16.56,3.17,1.19,1763.77
9,4/18/2006,16.79,3.21,1.17,1788.58
10,4/19/2006,16.77,3.21,1.17,1786.9
11,4/20/2006,16.79,3.21,1.17,1789.29
12,4/21/2006,16.72,3.2,1.17,1781.73
13,4/24/2006,15.75,3.16,1.19,1757.51
14,4/25/2006,15.51,3.11,1.21,1731.19
15,4/26/2006,15.78,3.16,1.19,1761.5
16,4/27/2006,15.63,3.13,1.2,1745.14
17,4/28/2006,15.5,3.13,1.2,1743.14
18,4/29/2006,15.91,3.21,1.17,1789.3
19,5/2/2006,16.12,3.31,1.14,1841.53
20,5/3/2006,16.51,3.39,1.11,1885.92
21,5/4/2006,16.62,3.41,1.1,1898.44
22,5/5/2006,16.42,3.37,1.12,1875.39
23,5/8/2006,16.51,3.39,1.11,1885.35
24,5/9/2006,16.65,3.41,1.1,1901.13
25,5/10/2006,17.02,3.49,1.08,1943.66
26,5/11/2006,16.92,3.47,1.08,1932.02
27,5/12/2006,16.6,3.4,1.1,1895.44
28,5/15/2006,16.07,3.3,1.14,1835.18
29,5/16/2006,15.98,3.28,1.15,1824.91
30,5/17/2006,16.52,3.39,1.11,1886.37
31,5/18/2006,15.54,3.17,1.18,1766.31
32,5/19/2006,15.11,3.04,1.24,1692.71
33,5/22/2006,14.68,2.95,1.27,1644
34,5/23/2006,15.01,3.02,1.24,1681.32
35,5/24/2006,14.76,2.97,1.26,1653.39
36,5/25/2006,14.62,2.94,1.28,1637.14
37,5/26/2006,14.87,2.99,1.26,1665.65
38,5/29/2006,15.01,3.02,1.24,1681.19
39,5/30/2006,14.79,2.98,1.26,1656.5
40,5/31/2006,14.31,2.88,1.3,1602.27
41,6/1/2006,14.1,2.84,1.32,1578.34
42,6/2/2006,14.59,2.84,1.33,1634.01
43,6/5/2006,14.33,2.79,1.35,1604.67
44,6/6/2006,14.26,2.78,1.36,1596.86
45,6/7/2006,13.8,2.69,1.4,1548.36
46,6/8/2006,12.91,2.52,1.5,1448.63
47,6/9/2006,13.43,2.62,1.44,1506.09
48,6/12/2006,12.83,2.5,1.51,1438.81
49,6/13/2006,12.24,2.39,1.58,1372.91
50,6/14/2006,11.99,2.16,1.66,1345.44
51,6/15/2006,12.78,2.3,1.56,1432.94
52,6/16/2006,13.14,2.37,1.52,1473.74
53,6/19/2006,13.14,2.37,1.52,1473.5
54,6/20/2006,12.8,2.31,1.56,1435.57
55,6/21/2006,12.9,2.32,1.55,1446.78
56,6/22/2006,13.54,2.44,1.47,1518.43
57,6/23/2006,13.44,2.42,1.48,1506.69
58,6/25/2006,13.4,2.42,1.49,1502.74
59,6/26/2006,12.95,2.33,1.54,1451.32
60,6/27/2006,13.07,2.35,1.53,1464.98
61,6/28/2006,12.82,2.31,1.56,1437.77
62,6/29/2006,12.79,2.31,1.56,1435.78
63,6/30/2006,13.24,2.39,1.5,1486.1
64,7/3/2006,13.27,2.39,1.5,1488.86
65,7/4/2006,13.44,2.42,1.48,1508.35
66,7/5/2006,13.69,2.47,1.46,1535.87
67,7/6/2006,13.52,2.44,1.47,1517.5
68,7/7/2006,13.25,2.39,1.5,1486.97
69,7/10/2006,13.31,2.4,1.5,1494.1
70,7/11/2006,13.22,2.38,1.51,1483.64
71,7/12/2006,13.25,2.39,1.5,1486.94
72,7/13/2006,13.12,2.26,1.6,1475.15
73,7/14/2006,12.91,2.23,1.62,1457.46
74,7/17/2006,12.46,2.15,1.67,1406.57
75,7/18/2006,12.26,2.12,1.7,1387.97
76,7/19/2006,12.02,2.09,1.72,1366.73
77,7/20/2006,12.51,2.18,1.65,1423.84
78,7/21/2006,12.28,2.14,1.69,1397.07
79,7/24/2006,12.62,2.21,1.63,1445.44
80,7/25/2006,13.09,2.3,1.57,1501.67
81,7/26/2006,13.25,2.32,1.55,1519.82
82,7/27/2006,13.87,2.09,1.61,1544.7
83,7/28/2006,14.08,2.12,1.58,1567.85
84,7/31/2006,14.2,2.14,1.57,1582.67
85,8/1/2006,14.14,2.13,1.57,1575.81
86,8/2/2006,14.26,2.15,1.56,1589.56
87,8/3/2006,14.46,2.18,1.54,1612.38
88,8/4/2006,14.29,2.15,1.56,1592.49
89,8/7/2006,14.44,2.18,1.54,1612.55
90,8/8/2006,14.84,2.24,1.5,1656.51
91,8/9/2006,14.99,2.26,1.48,1673.46
92,8/10/2006,15.17,2.29,1.46,1693.98
93,8/11/2006,15.05,2.27,1.48,1679.71
94,8/14/2006,15.12,2.28,1.47,1687.97
95,8/16/2006,15.39,2.32,1.44,1716.96
96,8/17/2006,15.34,2.32,1.45,1711.71
97,8/18/2006,15.27,2.31,1.45,1703.91
98,8/21/2006,15.48,2.34,1.43,1720.83
99,8/22/2006,15.57,2.35,1.43,1730.47
100,8/23/2006,15.36,2.32,1.45,1707.15
101,8/24/2006,15.44,2.33,1.44,1715.96
102,8/25/2006,15.64,2.36,1.42,1738.14
103,8/28/2006,15.69,2.37,1.42,1744.57
104,8/29/2006,15.86,2.39,1.4,1762.7
105,8/30/2006,15.93,2.39,1.41,1770.8
106,8/31/2006,15.95,2.39,1.41,1772.45
107,9/1/2006,16.15,2.42,1.39,1795.04
108,9/4/2006,16.34,2.45,1.37,1816.56
109,9/5/2006,16.36,2.45,1.37,1818.2
110,9/6/2006,16.31,2.45,1.37,1812.43
111,9/7/2006,16.24,2.43,1.38,1804.57
112,9/8/2006,16.24,2.44,1.38,1805.18
113,9/11/2006,15.88,2.38,1.41,1764.72
114,9/12/2006,16.21,2.43,1.38,1802.02
115,9/13/2006,16.74,2.51,1.34,1860.91
116,9/14/2006,16.92,2.53,1.33,1880.15
117,9/15/2006,16.97,2.54,1.33,1886.04
118,9/18/2006,17.11,2.56,1.31,1901.95
119,9/19/2006,16.92,2.53,1.33,1880.65
120,9/20/2006,17.04,2.55,1.32,1893.9
121,9/21/2006,17.31,2.59,1.3,1923.5
122,9/22/2006,17.17,2.57,1.31,1908.15
123,9/25/2006,17.16,2.57,1.31,1906.69
124,9/26/2006,17.51,2.62,1.28,1946.2
125,9/27/2006,17.76,2.66,1.27,1974.2
126,9/28/2006,18.33,2.74,1.23,2036.4
127,9/29/2006,18.31,2.74,1.23,2034.81
128,10/3/2006,18.2,2.73,1.24,2022.04
129,10/4/2006,17.96,2.69,1.25,1995.3
130,10/5/2006,18.34,2.75,1.23,2038.4
131,10/6/2006,18.26,2.74,1.23,2029.34
132,10/9/2006,18.13,2.72,1.24,2014.94
133,10/10/2006,18.14,2.72,1.24,2015.72
134,10/11/2006,18.01,2.7,1.25,2001.72
135,10/12/2006,18.34,2.75,1.23,2037.7
136,10/13/2006,18.45,2.77,1.22,2054.37
137,10/16/2006,18.78,2.82,1.19,2093
138,10/17/2006,18.57,2.8,1.2,2079.08
139,10/18/2006,18.62,2.81,1.2,2085.34
140,10/19/2006,18.26,2.78,1.21,2062.1
141,10/20/2006,18.28,2.78,1.21,2064.33
142,10/21/2006,18.25,2.78,1.21,2061.19
143,10/23/2006,18.02,2.74,1.23,2034.89
144,10/26/2006,18.35,2.83,1.19,2098.21
145,10/27/2006,18.63,2.87,1.17,2131.8
146,10/30/2006,18.8,2.92,1.16,2162.78
147,10/31/2006,18.63,2.9,1.16,2148.01
148,11/1/2006,18.65,2.9,1.16,2150.45
149,11/2/2006,18.86,2.93,1.15,2175.02
150,11/3/2006,18.77,2.92,1.15,2164.41
151,11/6/2006,18.76,2.92,1.16,2163.01
152,11/7/2006,18.74,2.91,1.16,2161.27
153,11/8/2006,18.78,2.92,1.15,2166.05
154,11/9/2006,18.97,2.95,1.14,2187.46
155,11/10/2006,19.3,3,1.12,2225.18
156,11/13/2006,19.51,3.03,1.11,2249.48
157,11/14/2006,19.63,3.05,1.1,2263.16
158,11/15/2006,20.05,3.12,1.08,2312.1
159,11/16/2006,20.51,3.19,1.06,2365.11
160,11/17/2006,20.39,3.17,1.06,2350.78
161,11/20/2006,20.23,3.15,1.07,2332.51
162,11/21/2006,20.46,3.18,1.06,2358.56
163,11/22/2006,20.54,3.19,1.06,2367.72
164,11/23/2006,20.67,3.21,1.05,2382.71
165,11/24/2006,20.66,3.21,1.05,2382.32
166,11/27/2006,20.83,3.24,1.04,2401.18
167,11/28/2006,20.55,3.2,1.05,2369.5
168,11/29/2006,20.58,3.2,1.05,2372.95
169,11/30/2006,20.82,3.24,1.04,2400.18
170,12/1/2006,21.17,3.29,1.02,2440.74
171,12/4/2006,21.06,3.27,1.03,2427.94
172,12/5/2006,20.88,3.25,1.04,2407.4
173,12/6/2006,20.79,3.23,1.04,2396.02
174,12/7/2006,20.88,3.25,1.04,2408.03
175,12/8/2006,20.78,3.23,1.04,2395.81
176,12/11/2006,19.54,3.04,1.11,2252.54
177,12/12/2006,18.83,2.93,1.15,2168.82
178,12/13/2006,19.32,3.01,1.12,2225.15
179,12/14/2006,19.76,3.07,1.1,2275
180,12/15/2006,20.1,3.13,1.08,2314.48
181,12/18/2006,20.24,3.15,1.07,2330.36
182,12/19/2006,19.8,3.08,1.09,2279.29
183,12/20/2006,19.63,3.05,1.1,2259.61
184,12/21/2006,19.67,3.06,1.1,2264.27
185,12/22/2006,19.72,3.07,1.1,2270.48
186,12/26/2006,20.14,3.13,1.08,2318.37
187,12/27/2006,20.49,3.19,1.06,2358.97
188,12/28/2006,20.56,3.2,1.05,2367.22
189,12/29/2006,20.48,3.19,1.06,2358.22
190,1/2/2007,19.99,3.12,1.08,2366.95
191,1/3/2007,20.09,3.14,1.08,2378.72
192,1/4/2007,19.88,3.11,1.09,2353.84
193,1/5/2007,20.08,3.14,1.08,2377.7
194,1/8/2007,19.77,3.09,1.1,2341.42
195,1/9/2007,19.49,3.05,1.11,2307.68
196,1/10/2007,19,2.97,1.14,2249.81
197,1/11/2007,19.06,2.99,1.13,2267.61
198,1/12/2007,20.18,3.18,1.06,2409.36
199,1/15/2007,20.27,3.19,1.06,2419.87
200,1/16/2007,20.24,3.19,1.06,2416.26
201,1/17/2007,20.4,3.21,1.05,2435.1
202,1/18/2007,20.37,3.21,1.05,2431.85
203,1/19/2007,20.31,3.21,1.06,2429.17
204,1/22/2007,19.98,3.21,1.05,2431.85
205,1/23/2007,19.59,3.14,1.08,2380.07
206,1/24/2007,19.69,3.18,1.06,2411.73
207,1/25/2007,19.9,3.23,1.05,2448.03
208,1/29/2007,19.61,3.18,1.06,2412.08
209,1/31/2007,19.45,3.17,1.07,2399.07
210,2/1/2007,19.81,3.24,1.05,2450.08
211,2/2/2007,19.91,3.25,1.04,2462.32
212,2/5/2007,20.19,3.3,1.03,2497.95
213,2/6/2007,20.16,3.3,1.03,2494.06
214,2/7/2007,20.38,3.33,1.02,2520.56
215,2/8/2007,20.51,3.35,1.01,2536.77
216,2/9/2007,20.39,3.33,1.02,2521.2
217,2/12/2007,19.82,3.24,1.04,2450.89
218,2/13/2007,19.48,3.18,1.06,2408.31
219,2/14/2007,18.79,3.07,1.1,2323.46
220,2/15/2007,19.33,3.16,1.07,2390.49
221,2/19/2007,19.52,3.19,1.06,2413.62
222,2/20/2007,19.27,3.15,1.07,2382.53
223,2/21/2007,19.24,3.15,1.08,2379.42
224,2/22/2007,18.81,3.08,1.1,2325.83
225,2/23/2007,18.23,2.98,1.14,2253.34
226,2/26/2007,18.42,3.01,1.12,2277.33
227,2/27/2007,18.2,2.97,1.14,2249.92
228,2/28/2007,17.4,2.84,1.19,2147.57
229,3/1/2007,17.78,2.91,1.16,2194.47
230,3/2/2007,17.36,2.84,1.19,2142.18
231,3/5/2007,16.72,2.73,1.24,2063.9
232,3/6/2007,16.98,2.78,1.22,2095.47
233,3/7/2007,16.72,2.72,1.25,2063.85
234,3/8/2007,17.44,2.83,1.2,2152.15
235,3/9/2007,17.41,2.83,1.2,2148.1
236,3/12/2007,17.49,2.84,1.2,2157.96
237,3/13/2007,17.72,2.88,1.18,2186.33
238,3/14/2007,17.02,2.77,1.23,2100.13
239,3/15/2007,16.74,2.72,1.25,2065.8
240,3/16/2007,16.51,2.68,1.27,2035.45
241,3/19/2007,16.82,2.73,1.24,2074.19
242,3/20/2007,17.12,2.78,1.22,2110.64
243,3/21/2007,17.61,2.86,1.19,2170.65
244,3/22/2007,18.3,2.97,1.14,2255.8
245,3/23/2007,18.26,2.97,1.14,2250.96
246,3/26/2007,17.95,2.92,1.17,2212.1
247,3/28/2007,17.47,2.84,1.2,2153.14
248,3/29/2007,17.48,2.84,1.2,2154.73
249,3/30/2007,17.57,2.85,1.19,2165.14
250,4/2/2007,16.5,2.68,1.27,2032.84
251,4/3/2007,16.53,2.69,1.26,2035.07
252,4/4/2007,16.86,2.74,1.24,2064.63
253,4/5/2007,17.19,2.79,1.22,2104.94
254,4/9/2007,17.87,2.9,1.17,2184.23
255,4/10/2007,18.06,2.93,1.16,2206.47
256,4/11/2007,17.94,2.92,1.17,2192.7
257,4/12/2007,17.7,2.88,1.18,2162.59
258,4/13/2007,18.14,2.95,1.15,2216.08
259,4/16/2007,18.33,2.99,1.14,2246.1
260,4/17/2007,18.26,2.99,1.14,2246.13
261,4/18/2007,18.44,3.02,1.13,2268.01
262,4/19/2007,18.45,3.02,1.13,2268.8
263,4/20/2007,18.82,3.08,1.1,2314.29
264,4/23/2007,18.74,3.07,1.11,2305.6
265,4/24/2007,19.46,3.19,1.07,2397.86
266,4/25/2007,19.74,3.23,1.05,2432.57
267,4/26/2007,19.69,3.22,1.05,2422.93
268,4/27/2007,19.18,3.14,1.08,2359.79
269,4/30/2007,18.68,3.07,1.11,2308.47
270,5/3/2007,18.81,3.12,1.09,2344
271,5/4/2007,18.74,3.11,1.09,2336.06
272,5/7/2007,18.65,3.09,1.1,2323.95
273,5/8/2007,18.42,3.06,1.11,2296.28
274,5/9/2007,18.72,3.1,1.09,2332.79
275,5/10/2007,18.86,3.13,1.09,2350.5
276,5/11/2007,18.94,3.14,1.08,2360.37
277,5/14/2007,18.67,3.23,1.05,2426.08
278,5/15/2007,18.92,3.27,1.04,2458.63
279,5/16/2007,19.45,3.36,1.01,2526.55
280,5/17/2007,19.85,3.43,0.99,2578.67
281,5/18/2007,19.97,3.45,0.98,2594.85
282,5/21/2007,20.29,3.51,0.97,2636.08
283,5/22/2007,20.37,3.52,0.96,2642.1
284,5/23/2007,20.25,3.49,0.97,2618.1
285,5/24/2007,19.95,3.44,0.99,2578.92
286,5/25/2007,20.03,3.45,0.98,2589.12
287,5/28/2007,20.32,3.5,0.97,2627.76
288,5/29/2007,20.23,3.5,0.97,2627.78
289,5/30/2007,20.08,3.48,0.98,2608.51
290,5/31/2007,20.38,3.53,0.96,2650.48
291,6/1/2007,20.56,3.56,0.95,2673.62
292,6/4/2007,20.71,3.49,0.98,2693.03
293,6/5/2007,20.9,3.52,0.97,2718.32
294,6/6/2007,20.27,3.42,1,2636.72
295,6/7/2007,20.07,3.38,1.01,2610.02
296,6/8/2007,19.81,3.34,1.02,2576.96
297,6/11/2007,19.82,3.34,1.02,2575.25
298,6/12/2007,19.87,3.35,1.02,2581.7
299,6/13/2007,19.71,3.32,1.03,2552.12
300,6/14/2007,20.06,3.38,1.01,2595.59
301,6/15/2007,20.14,3.4,1,2605.65
302,6/18/2007,20.13,3.39,1,2603.95
303,6/19/2007,20.63,3.48,0.98,2668.18
304,6/20/2007,21.07,3.55,0.96,2725.26
305,6/21/2007,21.18,3.57,0.95,2739.28
306,6/22/2007,21.29,3.35,1.03,2753.64
307,6/25/2007,21.35,3.36,1.03,2760.26
308,6/26/2007,21.34,3.36,1.03,2759.35
309,6/27/2007,21.14,3.33,1.04,2733.16
310,6/28/2007,21.38,3.36,1.03,2763.7
311,6/29/2007,21.96,3.46,1,2839.51
312,7/2/2007,21.96,3.46,1,2839.49
313,7/3/2007,22.3,3.51,0.98,2883.38
314,7/4/2007,22.25,3.5,0.99,2876.17
315,7/5/2007,22.17,3.49,0.99,2865.69
316,7/6/2007,22.96,3.61,0.96,2847.52
317,7/9/2007,23.12,3.64,0.95,2868
318,7/10/2007,22.82,3.61,0.96,2844.94
319,7/11/2007,22.72,3.59,0.96,2831.8
320,7/12/2007,23.12,3.66,0.94,2882.27
321,7/13/2007,23.25,3.69,0.94,2907.38
322,7/16/2007,23.64,3.75,0.92,2943.9
323,7/17/2007,23.51,3.73,0.93,2927.94
324,7/18/2007,23.46,3.72,0.93,2922.47
325,7/19/2007,23.65,3.75,0.92,2946.9
326,7/20/2007,23.59,3.63,0.98,2939.33
327,7/23/2007,23.52,3.66,0.97,2936.18
328,7/24/2007,23.41,3.65,0.97,2927.42
329,7/25/2007,22.75,3.63,0.98,2910.07
330,7/26/2007,22.7,3.62,0.98,2909.32
331,7/27/2007,21.71,3.47,1.02,2782.12
332,7/30/2007,21.06,3.51,1.01,2820.07
333,7/31/2007,21.62,3.61,0.98,2887.85
334,8/1/2007,20.67,3.46,1.03,2761.58
335,8/2/2007,21,3.51,1.01,2788.21
336,8/3/2007,21.41,3.58,0.99,2843.41
337,8/6/2007,21.18,3.54,1,2812.78
338,8/7/2007,21.21,3.55,1,2815.97
339,8/8/2007,21.73,3.63,0.98,2885.06
340,8/9/2007,21.38,3.57,0.99,2829.86
341,8/10/2007,20.92,3.5,1.01,2755.67
342,8/13/2007,21.13,3.53,1,2782.9
343,8/14/2007,21.24,3.55,1,2778.89
344,8/16/2007,20.07,3.36,1.06,2625.6
345,8/17/2007,20.01,3.35,1.06,2606.24
346,8/20/2007,20.65,3.45,1.03,2689.63
347,8/21/2007,19.86,3.32,1.07,2587.23
348,8/22/2007,20,3.34,1.06,2605.01
349,8/23/2007,19.72,3.29,1.08,2569.17
350,8/24/2007,19.96,3.33,1.06,2600.14
351,8/27/2007,20.87,3.48,1.02,2718.25
352,8/28/2007,20.88,3.48,1.02,2719.68
353,8/29/2007,20.9,3.48,1.02,2721.74
354,8/30/2007,21.13,3.52,1,2751.8
355,8/31/2007,21.49,3.58,0.99,2798.25
356,9/3/2007,21.81,3.64,0.97,2840.52
357,9/4/2007,22,3.67,0.96,2861.18
358,9/5/2007,21.95,3.66,0.97,2854.59
359,9/6/2007,22.29,3.72,0.95,2898.87
360,9/7/2007,22.24,3.71,0.95,2892.54
361,9/10/2007,22.25,3.71,0.95,2893.12
362,9/11/2007,22.14,3.69,0.96,2879.93
363,9/12/2007,22.21,3.7,0.96,2888.63
364,9/13/2007,22.63,3.77,0.94,2942.95
365,9/14/2007,22.69,3.78,0.93,2951.4
366,9/17/2007,22.56,3.76,0.94,2933.48
367,9/18/2007,23.02,3.84,0.92,2993.17
368,9/19/2007,24.23,4.04,0.88,3151.24
369,9/20/2007,24.22,4.04,0.88,3149.69
370,9/21/2007,24.45,4.08,0.87,3179.55
371,9/24/2007,24.99,4.17,0.85,3250.08
372,9/25/2007,24.89,4.15,0.85,3237.56
373,9/26/2007,25.23,4.21,0.84,3280.75
374,9/27/2007,25.52,4.26,0.83,3318.32
375,9/28/2007,26.14,4.36,0.81,3399.3
376,10/1/2007,26.25,4.38,0.81,3414.21
377,10/3/2007,26.71,4.45,0.79,3472.79
378,10/4/2007,26.39,4.4,0.8,3431.3
379,10/5/2007,25.7,4.29,0.83,3341.6
380,10/8/2007,25.15,4.19,0.84,3270.12
381,10/9/2007,26.14,4.36,0.81,3398.39
382,10/10/2007,26.48,4.42,0.8,3442.18
383,10/11/2007,27.04,4.51,0.78,3513.29
384,10/12/2007,26.13,4.38,0.81,3415.57
385,10/15/2007,27.01,4.56,0.78,3553.07
386,10/16/2007,27.54,4.65,0.76,3622.99
387,10/17/2007,26.44,4.46,0.79,3478.52
388,10/18/2007,24.84,4.19,0.84,3266.65
389,10/19/2007,24.3,4.1,0.86,3195.79
390,10/22/2007,24.57,4.21,0.84,3280.45
391,10/23/2007,25.85,4.45,0.79,3466.54
392,10/24/2007,26.26,4.52,0.78,3521.32
393,10/25/2007,26.7,4.62,0.77,3597
394,10/26/2007,27.58,4.77,0.74,3715.58
395,10/29/2007,28.05,4.97,0.71,3869.07
396,10/30/2007,27.67,4.97,0.71,3870.72
397,10/31/2007,27.79,5.01,0.71,3902.66
398,11/1/2007,27.86,5.02,0.7,3907.13
399,11/2/2007,28.72,5.18,0.68,4028.05
400,11/5/2007,28.16,5.08,0.7,3949.11
401,11/6/2007,27.69,4.99,0.71,3883.54
402,11/7/2007,27.5,4.96,0.71,3856.8
403,11/8/2007,27.1,4.89,0.72,3800.67
404,11/9/2007,26.75,4.82,0.73,3751.58
405,11/12/2007,26.88,4.85,0.73,3766.5
406,11/13/2007,27.59,4.98,0.71,3866.58
407,11/14/2007,29.36,5.29,0.67,4114.3
408,11/15/2007,28.99,5.23,0.68,4063.06
409,11/16/2007,29.01,5.23,0.68,4064.88
410,11/19/2007,28.95,5.22,0.68,4056.08
411,11/20/2007,28.42,5.13,0.69,3981.27
412,11/21/2007,27.15,4.9,0.72,3803.24
413,11/22/2007,27.7,5,0.71,3881.44
414,11/23/2007,27.8,5.01,0.71,3894.84
415,11/26/2007,28.27,5.1,0.69,3959.92
416,11/27/2007,28.23,5.09,0.69,3954.99
417,11/28/2007,27.91,5.03,0.7,3909.93
418,11/29/2007,28.26,5.1,0.69,3958.76
419,11/30/2007,28.9,5.21,0.68,4047.28
420,12/3/2007,29.09,5.25,0.67,4074.67
421,12/4/2007,29.06,5.24,0.68,4067.76
422,12/5/2007,29.52,5.32,0.66,4133.03
423,12/6/2007,29.65,5.35,0.66,4150.87
424,12/7/2007,30.27,5.46,0.65,4236.42
425,12/10/2007,30.35,5.47,0.65,4247.86
426,12/11/2007,30.99,5.59,0.63,4336.58
427,12/12/2007,31.31,5.65,0.63,4381.28
428,12/13/2007,31.05,5.6,0.63,4345.84
429,12/14/2007,30.73,5.54,0.64,4297.66
430,12/17/2007,29.46,5.3,0.67,4119.87
431,12/18/2007,29.17,5.24,0.68,4079.66
432,12/19/2007,28.98,5.21,0.68,4053.03
433,12/20/2007,28.87,5.19,0.68,4036.68
434,12/24/2007,30.05,5.4,0.66,4199.8
435,12/26/2007,30.69,5.52,0.64,4289.19
436,12/27/2007,30.79,5.54,0.64,4303.38
437,12/28/2007,30.84,5.54,0.64,4309.66
438,12/31/2007,30.86,5.55,0.64,4312.64
439,1/1/2008,34.76,6.23,0.57,4329.07
440,1/2/2008,35.69,6.39,0.55,4443.85
441,1/3/2008,35.31,6.33,0.56,4396.72
442,1/4/2008,35.96,6.44,0.55,4478.07
443,1/7/2008,36.33,6.51,0.54,4523.48
444,1/8/2008,36.15,6.48,0.54,4501.04
445,1/9/2008,36.1,6.51,0.54,4524.11
446,1/10/2008,35.68,6.43,0.55,4470.8
447,1/11/2008,36.5,6.58,0.53,4561.47
448,1/14/2008,36.87,6.65,0.53,4607.18
449,1/15/2008,35.81,6.49,0.54,4495.77
450,1/16/2008,35.24,6.39,0.55,4430.69
451,1/17/2008,34.9,6.33,0.56,4387.42
452,1/18/2008,32.68,6.02,0.58,4172.17
453,1/21/2008,29.42,5.53,0.64,3829.2
454,1/22/2008,27.88,5.29,0.67,3662.63
455,1/23/2008,29.49,5.61,0.63,3884.58
456,1/24/2008,29.01,5.57,0.63,3855.28
457,1/25/2008,29.94,5.96,0.59,4127.15
458,1/28/2008,31.05,6.18,0.57,4167.77
459,1/29/2008,30.43,6.06,0.58,4083.1
460,1/30/2008,29.63,5.95,0.59,4007.8
461,1/31/2008,29.09,5.84,0.6,3935.84
462,2/1/2008,29.66,5.95,0.59,4012.28
463,2/4/2008,30.23,6.07,0.58,4089.9
464,2/5/2008,29.97,6.01,0.59,4053.82
465,2/6/2008,29.23,5.86,0.6,3953.71
466,2/7/2008,28.44,5.71,0.62,3846.99
467,2/8/2008,27.83,5.58,0.63,3764.51
468,2/11/2008,26.3,5.28,0.67,3557.11
469,2/12/2008,26.61,5.34,0.66,3599.72
470,2/13/2008,27.45,5.51,0.64,3710.67
471,2/14/2008,28.89,5.8,0.61,3903.83
472,2/15/2008,29.71,5.96,0.59,4013.91
473,2/18/2008,29.74,5.97,0.59,4018.03
474,2/19/2008,29.82,5.98,0.59,4028.87
475,2/20/2008,28.79,5.78,0.61,3889.81
476,2/21/2008,28.29,5.68,0.62,3820.39
477,2/22/2008,27.43,5.5,0.64,3703.28
478,2/25/2008,27.45,5.51,0.64,3705.69
479,2/26/2008,27.66,5.55,0.63,3734.05
480,2/27/2008,27.78,5.57,0.63,3750.63
481,2/28/2008,27.56,5.53,0.64,3721.5
482,2/29/2008,27.62,5.54,0.64,3728.68
483,3/3/2008,25.5,5.12,0.69,3443.16
484,3/4/2008,24.78,4.97,0.71,3345.12
485,3/5/2008,24.67,4.95,0.71,3330.5
486,3/7/2008,23.52,4.72,0.75,3175.67
487,3/10/2008,23.26,4.67,0.75,3139.68
488,3/11/2008,23.53,4.72,0.75,3176.12
489,3/12/2008,23.55,4.73,0.74,3179.2
490,3/13/2008,22.18,4.44,0.79,2994.22
491,3/14/2008,22.75,4.55,0.77,3070.71
492,3/17/2008,20.71,4.14,0.85,2795.4
493,3/18/2008,20.44,4.09,0.86,2758.83
494,3/19/2008,20.51,4.1,0.86,2768.01
495,3/24/2008,21.21,4.24,0.83,2862.42
496,3/25/2008,23.04,4.61,0.76,3109.23
497,3/26/2008,23.1,4.62,0.76,3117.75
498,3/27/2008,22.75,4.55,0.77,3070.28
499,3/28/2008,22.92,4.58,0.77,3092.67
500,3/31/2008,21.42,4.28,0.82,2890.19
501,4/1/2008,21.21,4.24,0.83,2862.31
502,4/2/2008,21.72,4.34,0.81,2931.48
503,4/3/2008,21.64,4.33,0.81,2919.38
504,4/4/2008,20.87,4.17,0.84,2815.61
505,4/7/2008,21.63,4.33,0.81,2917.97
506,4/8/2008,21.7,4.34,0.81,2928.35
507,4/9/2008,22.29,4.46,0.79,3007.23
508,4/10/2008,21.82,4.36,0.8,2944.33
509,4/11/2008,21.8,4.36,0.8,2941.54
510,4/15/2008,22.01,4.4,0.8,2970.12
511,4/16/2008,22.15,4.43,0.79,2989.15
512,4/17/2008,22.82,4.56,0.77,3079.45
513,4/21/2008,23.34,4.7,0.75,3172.29
514,4/22/2008,23.79,4.8,0.73,3236.86
515,4/23/2008,23.37,4.71,0.74,3180.24
516,4/24/2008,23.2,4.71,0.75,3176.33
517,4/25/2008,24.03,4.88,0.72,3293.59
518,4/28/2008,23.56,4.87,0.72,3287.71
519,4/29/2008,24.11,5,0.7,3376.18
520,4/30/2008,23.53,4.93,0.71,3327.48
521,5/2/2008,24.08,5.05,0.69,3405.76
522,5/5/2008,23.47,5.01,0.7,3379.42
523,5/6/2008,23.29,4.97,0.71,3352.37
524,5/7/2008,23.18,4.95,0.71,3337.37
525,5/8/2008,22.61,4.83,0.73,3255.37
526,5/9/2008,21.83,4.67,0.75,3148.01
527,5/12/2008,21.96,4.69,0.75,3166.7
528,5/13/2008,21.94,4.69,0.75,3162.6
529,5/14/2008,22.03,4.71,0.74,3176.76
530,5/15/2008,22.29,4.83,0.73,3257.25
531,5/16/2008,22.49,4.88,0.72,3292.13
532,5/20/2008,22.08,4.8,0.73,3235.51
533,5/21/2008,21.83,4.74,0.74,3199.37
534,5/22/2008,21.2,4.61,0.76,3106.76
535,5/23/2008,20.89,4.54,0.77,3060.76
536,5/26/2008,20.12,3.97,0.84,2949.1
537,5/27/2008,19.66,3.89,0.86,2885.75
538,5/28/2008,20.1,3.97,0.84,2950.27
539,5/29/2008,19.55,3.86,0.86,2869.35
540,5/30/2008,19.73,3.89,0.86,2891.44
541,6/2/2008,19.02,3.75,0.89,2787.27
542,6/3/2008,18.82,3.71,0.9,2757.2
543,6/4/2008,18.29,3.61,0.93,2679.83
544,6/5/2008,18.63,3.68,0.91,2729.82
545,6/6/2008,18.33,3.62,0.92,2685.5
546,6/9/2008,17.64,3.48,0.96,2585.58
547,6/10/2008,17.27,2.91,1.14,2531.06
548,6/11/2008,17.74,2.99,1.11,2599.14
549,6/12/2008,17.77,2.99,1.11,2604.62
550,6/13/2008,17.71,2.98,1.11,2594.68
551,6/16/2008,18.03,3.04,1.09,2642.52
552,6/17/2008,18.91,3.19,1.04,2771.52
553,6/18/2008,18.4,3.1,1.07,2695.95
554,6/19/2008,17.65,2.97,1.11,2585.52
555,6/20/2008,17.06,2.87,1.15,2499.55
556,6/23/2008,16.7,2.81,1.18,2446.16
557,6/24/2008,16.57,2.79,1.19,2427.65
558,6/25/2008,16.5,2.78,1.19,2416.91
559,6/26/2008,16.6,2.8,1.19,2432.54
560,6/27/2008,15.65,2.64,1.26,2293.2
561,6/30/2008,15.01,2.53,1.31,2199.74
562,7/1/2008,13.75,2.42,1.37,2078.9
563,7/2/2008,14.72,2.6,1.28,2225.54
564,7/3/2008,14.02,2.47,1.35,2118.84
565,7/4/2008,14.93,2.11,1.42,2211.99
566,7/7/2008,15.23,2.15,1.39,2256.27
567,7/8/2008,15.23,2.15,1.39,2257.06
568,7/9/2008,15.95,2.25,1.33,2363.32
569,7/10/2008,15.94,2.25,1.33,2361.97
570,7/11/2008,15.45,2.18,1.37,2289.02
571,7/14/2008,15.19,2.16,1.38,2264.92
572,7/15/2008,14.13,2.01,1.49,2107.28
573,7/16/2008,13.7,1.95,1.53,2049.67
574,7/17/2008,14.64,2.09,1.43,2190.15
575,7/18/2008,15.73,2.25,1.33,2356.5
576,7/21/2008,16.06,2.3,1.3,2411.96
577,7/22/2008,16.59,2.37,1.26,2492.27
578,7/23/2008,18.23,2.57,1.2,2738.11
579,7/24/2008,17.98,2.53,1.22,2701.26
580,7/25/2008,17.08,2.41,1.28,2564.74
581,7/28/2008,16.86,2.41,1.28,2565.61
582,7/29/2008,15.61,2.23,1.38,2379.06
583,7/30/2008,16.41,2.35,1.31,2510.73
584,7/31/2008,16.44,2.36,1.31,2516.41
585,8/1/2008,17,2.45,1.26,2609.68
586,8/4/2008,17.02,2.45,1.26,2612.69
587,8/5/2008,17.95,2.58,1.19,2755.88
588,8/6/2008,17.77,2.56,1.2,2728.45
589,8/7/2008,18,2.59,1.19,2762.57
590,8/8/2008,18.22,2.62,1.18,2797.16
591,8/11/2008,18.89,2.72,1.13,2899.23
592,8/12/2008,18.34,2.64,1.17,2815.43
593,8/13/2008,18,2.59,1.19,2763.59
594,8/14/2008,17.07,2.46,1.25,2621.1
595,8/18/2008,17.09,2.46,1.25,2623.35
596,8/19/2008,16.95,2.44,1.26,2602.43
597,8/20/2008,17.12,2.46,1.25,2627.31
598,8/21/2008,16.22,2.34,1.32,2490.21
599,8/22/2008,16.44,2.37,1.3,2524.01
600,8/25/2008,16.71,2.41,1.28,2565.69
601,8/26/2008,16.89,2.43,1.27,2592.75
602,8/27/2008,16.56,2.38,1.29,2542.19
603,8/28/2008,16.27,2.34,1.32,2498.05
604,8/29/2008,17.23,2.48,1.24,2644.36
605,9/1/2008,17.23,2.48,1.24,2644.35
606,9/2/2008,18.22,2.62,1.18,2796.45
607,9/4/2008,18.07,2.6,1.18,2774.04
608,9/5/2008,17.41,2.51,1.23,2672.77
609,9/8/2008,18.15,2.61,1.18,2786.02
610,9/9/2008,17.96,2.59,1.19,2756.26
611,9/10/2008,17.79,2.56,1.2,2729.96
612,9/11/2008,17.42,2.51,1.23,2674.51
613,9/12/2008,16.96,2.44,1.26,2603.1
614,9/15/2008,16.42,2.36,1.3,2521.06
615,9/16/2008,16.56,2.38,1.29,2541.4
616,9/17/2008,16.06,2.31,1.33,2465.62
617,9/18/2008,16.35,2.32,1.34,2509.43
618,9/19/2008,17.27,2.46,1.27,2651.23
619,9/22/2008,17.3,2.46,1.27,2655.04
620,9/23/2008,16.51,2.35,1.33,2533.5
621,9/24/2008,16.69,2.37,1.31,2561.2
622,9/25/2008,16.59,2.36,1.32,2546.4
623,9/26/2008,15.92,2.26,1.38,2442.93
624,9/29/2008,15.18,2.16,1.44,2330.04
625,9/30/2008,15.87,2.26,1.38,2435.34
626,10/1/2008,16.29,2.32,1.35,2500.91
627,10/3/2008,15.66,2.23,1.4,2404.05
628,10/6/2008,14.87,2.11,1.47,2282.94
629,10/7/2008,14.62,2.08,1.5,2243.46
630,10/8/2008,13.97,1.99,1.57,2143.47
631,10/10/2008,12.91,1.84,1.7,1981.51
632,10/13/2008,14.13,2.02,1.54,2183.63
633,10/14/2008,14.31,2.05,1.52,2212.41
634,10/15/2008,13.75,1.97,1.58,2125.36
635,10/16/2008,13.87,1.99,1.57,2143.6
636,10/17/2008,13.11,1.88,1.66,2029.83
637,10/20/2008,13.46,1.93,1.61,2084.53
638,10/21/2008,13.96,2,1.56,2163.54
639,10/22/2008,13.22,1.9,1.64,2052.69
640,10/23/2008,12.69,1.83,1.71,1972.45
641,10/24/2008,11.08,1.61,1.94,1738.86
642,10/27/2008,10.22,1.53,2.04,1650.06
643,10/28/2008,10.83,1.62,1.93,1748.07
644,10/29/2008,10.68,1.6,1.95,1724.71
645,10/31/2008,11.45,1.72,1.81,1858.38
646,11/3/2008,12.39,1.86,1.67,2010.04
647,11/4/2008,13.06,1.96,1.59,2119.02
648,11/5/2008,12.6,1.89,1.65,2043.65
649,11/6/2008,12.09,1.82,1.72,1961.61
650,11/7/2008,12.32,1.85,1.68,1998.23
651,11/10/2008,12.88,1.94,1.61,2088.95
652,11/11/2008,12.04,1.81,1.72,1952.73
653,11/12/2008,11.55,1.74,1.8,1874.61
654,11/14/2008,11.37,1.71,1.82,1844.87
655,11/17/2008,10.96,1.65,1.89,1777.4
656,11/18/2008,10.45,1.57,1.99,1695.02
657,11/19/2008,10.11,1.52,2.05,1641.03
658,11/20/2008,9.69,1.46,2.14,1571.7
659,11/21/2008,10.24,1.54,2.03,1660.98
660,11/24/2008,10.02,1.51,2.07,1625.91
661,11/25/2008,9.76,1.47,2.12,1584.14
662,11/26/2008,10.22,1.54,2.03,1658.22
663,11/28/2008,10.32,1.55,2.01,1674.67
664,12/1/2008,9.99,1.5,2.08,1621.33
665,12/2/2008,9.85,1.48,2.11,1598.67
666,12/3/2008,10.13,1.52,2.05,1643.12
667,12/4/2008,10.74,1.61,1.93,1741.91
668,12/5/2008,10.47,1.57,1.98,1699.02
669,12/8/2008,10.74,1.62,1.93,1743.14
670,12/10/2008,11.19,1.68,1.85,1814.96
671,12/11/2008,11.27,1.69,1.84,1827.82
672,12/12/2008,11.43,1.72,1.82,1854
673,12/15/2008,11.52,1.73,1.8,1869.52
674,12/16/2008,11.67,1.75,1.78,1893.78
675,12/17/2008,11.5,1.73,1.8,1866.26
676,12/18/2008,12.16,1.83,1.71,1972.64
677,12/19/2008,12.23,1.84,1.7,1983.81
678,12/22/2008,11.98,1.8,1.73,1944.23
679,12/23/2008,11.6,1.74,1.79,1882.03
680,12/24/2008,11.75,1.77,1.77,1906.07
681,12/26/2008,11.41,1.71,1.82,1850.79
682,12/29/2008,11.83,1.78,1.75,1919.21
683,12/30/2008,12.09,1.82,1.72,1961.78
684,12/31/2008,11.93,1.79,1.74,1934.82
685,1/1/2009,12.19,1.83,1.7,1977.59
686,1/2/2009,12.41,1.87,1.67,2013.57
687,1/5/2009,12.85,1.93,1.61,2085.47
688,1/6/2009,12.97,1.95,1.6,2103.83
689,1/7/2009,12.02,1.81,1.73,1950.46
690,1/9/2009,11.75,1.78,1.75,1920.87
691,1/12/2009,11.31,1.71,1.82,1848.53
692,1/13/2009,11.14,1.69,1.85,1820.9
693,1/14/2009,11.37,1.72,1.81,1857.96
694,1/15/2009,10.76,1.64,1.9,1771.72
695,1/16/2009,10.97,1.67,1.86,1807.04
696,1/19/2009,10.86,1.66,1.88,1789.04
697,1/20/2009,10.56,1.61,1.93,1739.45
698,1/21/2009,10.14,1.54,2.02,1664.5
699,1/22/2009,10.22,1.55,2.01,1678.07
700,1/23/2009,9.86,1.5,2.08,1618.79
701,1/27/2009,9.9,1.55,2.02,1668.84
702,1/28/2009,10.27,1.61,1.94,1732.56
703,1/29/2009,10.3,1.61,1.93,1739.05
704,1/30/2009,10.34,1.64,1.9,1772.2
705,2/2/2009,10.29,1.56,2,1681.01
706,2/3/2009,10.32,1.56,2,1685.59
707,2/4/2009,10.32,1.56,2,1684.96
708,2/5/2009,10.21,1.54,2.02,1667.38
709,2/6/2009,10.43,1.58,1.98,1702.91
710,2/9/2009,10.77,1.63,1.91,1759.33
711,2/10/2009,10.94,1.65,1.88,1785.76
712,2/11/2009,10.97,1.66,1.88,1791.35
713,2/12/2009,10.88,1.65,1.89,1776.37
714,2/13/2009,11.12,1.68,1.85,1816.69
715,2/16/2009,10.65,1.61,1.93,1739.72
716,2/17/2009,10.23,1.55,2.01,1671.42
717,2/18/2009,10.02,1.52,2.06,1635.69
718,2/19/2009,10.01,1.51,2.06,1634.58
719,2/20/2009,9.72,1.47,2.12,1586.74
720,2/24/2009,9.55,1.44,2.16,1559.36
721,2/25/2009,9.6,1.45,2.15,1568.19
722,2/26/2009,9.41,1.42,2.19,1536.8
723,2/27/2009,9.55,1.45,2.16,1559.82
724,3/2/2009,9.16,1.39,2.25,1495.35
725,3/3/2009,8.95,1.35,2.3,1461.79
726,3/4/2009,8.82,1.33,2.34,1439.87
727,3/5/2009,8.52,1.29,2.42,1391.95
728,3/6/2009,8.62,1.3,2.39,1408.09
729,3/9/2009,8.47,1.28,2.43,1382.52
730,3/12/2009,8.7,1.32,2.37,1420.54
731,3/13/2009,9.18,1.39,2.24,1499.78
732,3/16/2009,9.45,1.43,2.18,1542.97
733,3/17/2009,9.26,1.4,2.22,1512.7
734,3/18/2009,9.4,1.42,2.19,1534.46
735,3/19/2009,9.47,1.43,2.18,1546.32
736,3/20/2009,9.35,1.41,2.2,1526.83
737,3/23/2009,9.99,1.51,2.06,1631.81
738,3/24/2009,10.15,1.54,2.03,1657.38
739,3/25/2009,10.43,1.58,1.98,1702.76
740,3/26/2009,10.74,1.63,1.92,1754.16
741,3/27/2009,10.9,1.65,1.89,1779.76
742,3/30/2009,10.03,1.52,2.05,1637.92
743,3/31/2009,10.23,1.55,2.01,1670.5
744,4/1/2009,10.52,1.59,1.96,1718.51
745,4/2/2009,11.05,1.67,1.87,1803.77
746,4/6/2009,11.31,1.71,1.82,1847.11
747,4/8/2009,11.35,1.72,1.82,1852.81
748,4/9/2009,11.48,1.74,1.79,1874.97
749,4/13/2009,11.89,1.8,1.73,1942.04
750,4/15/2009,12.47,1.89,1.65,2037.13
751,4/16/2009,12.2,1.85,1.69,1992
752,4/17/2009,12.5,1.9,1.64,2048.87
753,4/20/2009,12.43,1.89,1.65,2036.49
754,4/21/2009,12.06,1.85,1.69,1991.74
755,4/22/2009,11.94,1.83,1.71,1972.6
756,4/23/2009,12.27,1.88,1.66,2030.84
757,4/24/2009,12.53,1.93,1.61,2085.4
758,4/27/2009,12.74,1.94,1.61,2088.96
759,4/28/2009,12.08,1.84,1.7,1980.45
760,4/29/2009,12.63,1.92,1.62,2072.49
761,5/4/2009,13.82,2.09,1.49,2260.66
762,5/5/2009,13.95,2.11,1.47,2282.08
763,5/6/2009,13.5,2.05,1.52,2208.74
764,5/7/2009,13.88,2.1,1.48,2270.45
765,5/8/2009,13.44,2.04,1.53,2198.85
766,5/11/2009,12.82,2,1.56,2163.2
767,5/12/2009,13.49,2.11,1.48,2279.19
768,5/13/2009,13.42,2.1,1.48,2271.06
769,5/14/2009,13.34,2.09,1.49,2258.3
770,5/15/2009,13.78,2.16,1.44,2331.52
771,5/18/2009,16.46,2.58,1.21,2785.95
772,5/19/2009,17.45,2.74,1.14,2952.66
773,5/20/2009,17.11,2.68,1.16,2896.11
774,5/21/2009,16.36,2.6,1.2,2801
775,5/22/2009,16.64,2.64,1.18,2848.49
776,5/25/2009,16.63,2.65,1.18,2856.33
777,5/26/2009,16.06,2.54,1.26,2758.22
778,5/27/2009,16.97,2.68,1.19,2915.1
779,5/28/2009,17.23,2.72,1.17,2958.37
780,5/29/2009,17.36,2.74,1.16,2981.48
781,6/1/2009,17.44,2.75,1.16,2995.22
782,6/2/2009,17.46,2.76,1.16,2997.88
783,6/3/2009,17.39,2.75,1.16,2986.22
784,6/4/2009,17.74,2.8,1.14,3045.84
785,6/5/2009,17.65,2.79,1.14,3031.93
786,6/8/2009,16.79,2.65,1.2,2883.46
787,6/9/2009,17.27,2.73,1.17,2965.24
788,6/10/2009,17.58,2.78,1.15,3018.93
789,6/11/2009,17.5,2.76,1.15,3005.47
790,6/12/2009,17.06,2.65,1.18,2930.08
791,6/15/2009,17.01,2.64,1.19,2920.86
792,6/16/2009,17.49,2.71,1.15,3003.06
793,6/17/2009,16.99,2.64,1.19,2918.12
794,6/18/2009,16.88,2.62,1.2,2898.36
795,6/19/2009,17.11,2.66,1.18,2938.8
796,6/22/2009,17.05,2.65,1.18,2927.94
797,6/23/2009,16.93,2.63,1.19,2905.79
798,6/24/2009,16.9,2.62,1.19,2901.21
799,6/25/2009,17.02,2.64,1.19,2921.81
800,6/26/2009,17.68,2.74,1.14,3035
801,6/29/2009,17.79,2.76,1.13,3053.8
802,6/30/2009,17.37,2.69,1.16,2979.62
803,7/1/2009,17.58,2.73,1.15,3016.18
804,7/2/2009,17.65,2.74,1.14,3028.03
805,7/3/2009,18.17,2.82,1.11,3117.39
806,7/6/2009,16.66,2.39,1.39,2857.07
807,7/7/2009,16.73,2.4,1.38,2870.57
808,7/8/2009,16.09,2.31,1.44,2760.39
809,7/9/2009,16.07,2.3,1.44,2756.68
810,7/10/2009,15.68,2.25,1.48,2689.34
811,7/13/2009,15.53,2.24,1.48,2685.22
812,7/14/2009,16.2,2.35,1.41,2816.24
813,7/15/2009,16.57,2.39,1.41,2906.74
814,7/16/2009,16.43,2.37,1.42,2882.37
815,7/17/2009,17.18,2.48,1.36,3013.91
816,7/20/2009,17.62,2.55,1.32,3094.68
817,7/21/2009,17.48,2.53,1.33,3069.63
818,7/22/2009,17.02,2.47,1.36,3001.42
819,7/23/2009,17.35,2.52,1.34,3059.98
820,7/24/2009,17.17,2.5,1.35,3030.08
821,7/27/2009,17.14,2.5,1.35,3039.46
822,7/28/2009,17.03,2.49,1.35,3024.11
823,7/29/2009,16.87,2.47,1.37,2995.44
824,7/30/2009,16.62,2.53,1.33,3074.2
825,7/31/2009,16.96,2.58,1.3,3136.93
826,8/3/2009,17.28,2.61,1.29,3173.35
827,8/4/2009,17.19,2.6,1.3,3157.33
828,8/5/2009,17.12,2.59,1.3,3144.32
829,8/6/2009,16.77,2.54,1.33,3078.8
830,8/7/2009,16.34,2.47,1.36,2999.89
831,8/10/2009,16.1,2.44,1.38,2955.97
832,8/11/2009,16.2,2.45,1.38,2975.48
833,8/12/2009,16.13,2.44,1.38,2962.62
834,8/13/2009,16.8,2.54,1.33,3085.28
835,8/14/2009,16.65,2.51,1.34,3058.27
836,8/17/2009,15.95,2.41,1.4,2929.64
837,8/18/2009,16.29,2.46,1.37,2990.73
838,8/19/2009,16.12,2.43,1.38,2959.69
839,8/20/2009,16.45,2.48,1.35,3021.27
840,8/21/2009,16.71,2.52,1.33,3068.32
841,8/24/2009,17.05,2.57,1.31,3130.94
842,8/25/2009,16.92,2.55,1.32,3106.11
843,8/26/2009,16.97,2.56,1.31,3116.28
844,8/27/2009,16.93,2.55,1.32,3108.3
845,8/28/2009,17.11,2.58,1.3,3142.65
846,8/31/2009,16.99,2.56,1.31,3119.64
847,9/1/2009,16.75,2.53,1.33,3075.28
848,9/2/2009,16.67,2.52,1.34,3060.59
849,9/3/2009,16.68,2.52,1.34,3063.4
850,9/4/2009,16.92,2.55,1.32,3106.55
851,9/7/2009,17.39,2.62,1.28,3190.54
852,9/8/2009,17.46,2.63,1.28,3203.52
853,9/9/2009,17.56,2.65,1.27,3221.65
854,9/10/2009,17.56,2.65,1.27,3221.56
855,9/11/2009,17.74,2.68,1.26,3254.12
856,9/14/2009,17.75,2.68,1.26,3256.91
857,9/15/2009,18.14,2.74,1.23,3328.63
858,9/16/2009,18.45,2.78,1.21,3385.99
859,9/17/2009,18.53,2.8,1.2,3399.27
860,9/18/2009,18.49,2.79,1.2,3393.23
861,9/22/2009,18.78,2.83,1.19,3445.29
862,9/23/2009,18.66,2.77,1.22,3423.14
863,9/24/2009,18.96,2.82,1.2,3478.18
864,9/25/2009,18.78,2.79,1.21,3444.91
865,9/29/2009,18.86,2.8,1.2,3460.05
866,9/30/2009,19.42,2.89,1.17,3563.89
867,10/1/2009,19.5,2.9,1.16,3578.07
868,10/5/2009,19.12,2.84,1.19,3507.11
869,10/6/2009,19.55,2.91,1.16,3562.3
870,10/7/2009,19.39,2.88,1.17,3533.65
871,10/8/2009,19.57,2.91,1.16,3562.5
872,10/9/2009,19.26,2.86,1.18,3505.2
873,10/12/2009,19.8,2.94,1.15,3604.12
874,10/14/2009,19.87,2.99,1.13,3666.42
875,10/15/2009,20.05,3.02,1.12,3700.99
876,10/16/2009,20.49,3.09,1.09,3781.61
877,10/17/2009,20.43,3.08,1.1,3769.63
878,10/20/2009,20.32,3.06,1.1,3750.41
879,10/21/2009,19.91,3,1.12,3674.62
880,10/22/2009,19.53,2.94,1.15,3603.7
881,10/23/2009,19.76,2.98,1.13,3651.49
882,10/26/2009,19.56,2.95,1.14,3614.81
883,10/27/2009,18.91,2.85,1.18,3494.14
884,10/28/2009,18.61,2.81,1.2,3439.95
885,10/29/2009,18.3,2.76,1.22,3381.07
886,10/30/2009,17.85,2.77,1.22,3397.69
887,11/3/2009,17.39,2.7,1.25,3310.01
888,11/4/2009,17.91,2.78,1.21,3408.29
889,11/5/2009,18.01,2.8,1.21,3426.86
890,11/6/2009,18.28,2.85,1.18,3494.73
891,11/9/2009,19.06,2.98,1.13,3643.95
892,11/10/2009,19.16,2.99,1.13,3662.29
893,11/11/2009,19.56,3.05,1.11,3735.9
894,11/12/2009,19.07,2.98,1.13,3642.71
895,11/13/2009,19.24,3,1.12,3674.44
896,11/16/2009,19.5,3.04,1.11,3723.76
897,11/17/2009,19.6,3.06,1.1,3742.8
898,11/18/2009,19.52,3.05,1.11,3728.31
899,11/19/2009,19.23,3,1.12,3672.92
900,11/20/2009,19.5,3.04,1.11,3724.19
901,11/23/2009,19.61,3.06,1.1,3744.86
902,11/24/2009,19.5,3.05,1.11,3724.79
903,11/25/2009,19.59,3.06,1.1,3741.57
904,11/26/2009,19.12,2.99,1.13,3652.03
905,11/27/2009,18.87,2.95,1.15,3603.5
906,11/30/2009,19.13,2.99,1.13,3653.65
907,12/1/2009,19.52,3.05,1.11,3727.4
908,12/2/2009,19.62,3.06,1.1,3747.5
909,12/3/2009,19.68,3.07,1.1,3758.48
910,12/4/2009,19.51,3.05,1.11,3726.01
911,12/7/2009,19.43,3.03,1.11,3711.59
912,12/8/2009,19.64,3.07,1.1,3748.1
913,12/9/2009,19.36,3.02,1.12,3695.02
914,12/10/2009,19.42,3.03,1.11,3706.28
915,12/11/2009,19.26,3.01,1.12,3675.64
916,12/14/2009,19.05,2.98,1.13,3637.31
917,12/15/2009,18.53,2.89,1.17,3537.18
918,12/16/2009,18.39,2.87,1.18,3509.61
919,12/17/2009,18.4,2.87,1.17,3512.07
920,12/18/2009,18.2,2.84,1.19,3474.69
921,12/21/2009,18.14,2.83,1.19,3462.79
922,12/22/2009,18.34,2.86,1.18,3499.97
923,12/23/2009,18.82,2.94,1.15,3591.57
924,12/24/2009,18.91,2.95,1.14,3609.3
925,12/29/2009,18.97,2.96,1.14,3621.49
926,12/30/2009,18.98,2.96,1.14,3622.73
927,12/31/2009,19.12,2.99,1.13,3650.68
928,1/4/2010,19.24,3,1.12,3671.8
929,1/5/2010,19.53,3.05,1.11,3699.51
930,1/6/2010,19.57,3.06,1.1,3707.8
931,1/7/2010,19.48,3.04,1.11,3690.45
932,1/8/2010,19.41,3.03,1.11,3676
933,1/11/2010,19.5,3.04,1.11,3692.35
934,1/12/2010,19.14,2.99,1.13,3625.01
935,1/13/2010,19.06,2.98,1.13,3609.47
936,1/14/2010,19.11,2.98,1.13,3618.73
937,1/15/2010,19.1,2.98,1.13,3617.41
938,1/18/2010,19.39,3.03,1.12,3671.19
939,1/19/2010,19.4,3.03,1.11,3674.47
940,1/20/2010,18.96,3.03,1.12,3671.17
941,1/21/2010,18.51,2.96,1.14,3585.52
942,1/22/2010,18.18,2.9,1.16,3521.68
943,1/25/2010,18.08,2.88,1.17,3491.93
944,1/27/2010,17.25,2.75,1.23,3331.81
945,1/28/2010,17.42,2.78,1.22,3365.95
946,1/29/2010,17.76,2.84,1.19,3439.17
947,2/1/2010,17.75,2.83,1.19,3438.06
948,2/2/2010,17.48,2.79,1.21,3384.85
949,2/3/2010,17.89,2.86,1.18,3463.9
950,2/4/2010,17.53,2.8,1.21,3395.26
951,2/5/2010,17.01,2.73,1.24,3307.8
952,2/6/2010,17.1,2.74,1.23,3326.16
953,2/8/2010,17.1,2.74,1.23,3324.35
954,2/9/2010,17.23,2.76,1.22,3346.85
955,2/10/2010,17.07,2.74,1.23,3316.77
956,2/11/2010,17.2,2.76,1.22,3342.16
957,2/15/2010,17.13,2.75,1.23,3327.09
958,2/16/2010,17.27,2.77,1.22,3355.47
959,2/17/2010,17.55,2.82,1.2,3409.64
960,2/18/2010,17.59,2.82,1.2,3416.24
961,2/19/2010,17.43,2.8,1.21,3386.51
962,2/22/2010,17.43,2.8,1.21,3386.49
963,2/23/2010,17.49,2.81,1.2,3397.34
964,2/24/2010,17.49,2.81,1.2,3398.34
965,2/25/2010,17.54,2.81,1.2,3407.76
966,2/26/2010,18,2.89,1.17,3496.04
967,3/2/2010,18.28,2.93,1.15,3551.22
968,3/3/2010,18.54,2.97,1.13,3601.57
969,3/4/2010,18.53,2.97,1.14,3599.57
970,3/5/2010,18.56,2.98,1.13,3605.12
971,3/8/2010,18.78,3.01,1.12,3647.36
972,3/9/2010,18.75,3.01,1.12,3641.37
973,3/10/2010,18.78,3.01,1.12,3647.42
974,3/11/2010,18.89,3.03,1.11,3668.29
975,3/12/2010,18.91,3.03,1.11,3672.41
976,3/15/2010,18.82,3.02,1.12,3635.45
977,3/16/2010,18.85,3.02,1.12,3641.39
978,3/17/2010,19,3.05,1.11,3671.07
979,3/18/2010,19.11,3.07,1.1,3692.42
980,3/19/2010,19.13,3.07,1.1,3694.82
981,3/22/2010,18.91,3.03,1.11,3654.17
982,3/23/2010,18.97,3.04,1.11,3663.95
983,3/25/2010,19.06,3.06,1.1,3681.38
984,3/26/2010,19.31,3.1,1.09,3730.96
985,3/29/2010,19.48,3.12,1.08,3762.47
986,3/30/2010,19.32,3.1,1.09,3732.26
987,3/31/2010,19.38,3.11,1.09,3744.37
988,4/1/2010,19.54,3.13,1.08,3775.36
989,4/5/2010,19.82,3.18,1.06,3828.23
990,4/6/2010,19.95,3.2,1.05,3853.51
991,4/7/2010,19.86,3.19,1.06,3837.01
992,4/8/2010,19.57,3.14,1.08,3778.36
993,4/9/2010,19.91,3.19,1.06,3843.79
994,4/12/2010,19.74,3.17,1.07,3812
995,4/13/2010,19.54,3.13,1.08,3771.58
996,4/15/2010,19.23,3.09,1.09,3713.6
997,4/16/2010,19.19,3.08,1.1,3705.84
998,4/19/2010,19.1,3.06,1.1,3688.5
999,4/20/2010,19.44,3.12,1.08,3754.13
1000,4/21/2010,19.62,3.15,1.07,3787.48
1001,4/22/2010,19.86,3.19,1.06,3833.74
1002,4/23/2010,20.08,3.22,1.05,3877.05
1003,4/26/2010,20.26,3.25,1.04,3912.5
1004,4/27/2010,19.7,3.22,1.05,3879.81
1005,4/28/2010,19.52,3.19,1.06,3844.95
1006,4/29/2010,19.77,3.23,1.04,3893.39
1007,4/30/2010,19.57,3.25,1.04,3912.74
1008,5/3/2010,19.45,3.23,1.04,3888.85
1009,5/4/2010,19.31,3.21,1.05,3860.59
1010,5/5/2010,19.21,3.19,1.06,3840.89
1011,5/6/2010,19.21,3.19,1.06,3840.06
1012,5/7/2010,18.62,3.09,1.09,3723.52
1013,5/10/2010,19.36,3.22,1.05,3868.98
1014,5/11/2010,19.26,3.2,1.05,3849.29
1015,5/12/2010,19.48,3.24,1.04,3892.57
1016,5/13/2010,19.63,3.26,1.04,3922.61
1017,5/14/2010,19.6,3.2,1.05,3851.34
1018,5/17/2010,19.54,3.19,1.06,3839.91
1019,5/18/2010,19.48,3.18,1.06,3828.34
1020,5/19/2010,18.79,3.07,1.1,3692.15
1021,5/20/2010,18.97,3.1,1.09,3728.64
1022,5/21/2010,18.97,3.1,1.09,3727.59
1023,5/24/2010,18.83,3.08,1.1,3699.71
1024,5/25/2010,18.31,2.99,1.13,3598.02
1025,5/26/2010,18.68,3.05,1.11,3671.51
1026,5/27/2010,19.07,3.12,1.08,3747.47
1027,5/28/2010,19.15,3.15,1.07,3785.73
1028,5/31/2010,19.31,3.17,1.06,3817.79
1029,6/1/2010,18.81,3.09,1.09,3718.88
1030,6/2/2010,18.96,3.12,1.08,3747.6
1031,6/3/2010,19.28,3.17,1.07,3811.79
1032,6/4/2010,19.43,3.19,1.06,3840.66
1033,6/7/2010,19.14,3.14,1.07,3777.26
1034,6/8/2010,19.06,3.13,1.08,3761.43
1035,6/9/2010,19.18,3.15,1.07,3786.76
1036,6/10/2010,19.44,3.2,1.06,3837.51
1037,6/11/2010,19.64,3.23,1.05,3876.52
1038,6/14/2010,19.79,3.25,1.04,3906.86
1039,6/15/2010,19.84,3.26,1.04,3916.81
1040,6/16/2010,19.91,3.27,1.03,3929.37
1041,6/17/2010,19.95,3.28,1.03,3938.54
1042,6/18/2010,19.93,3.28,1.03,3934.18
1043,6/21/2010,20.27,3.33,1.01,4001.57
1044,6/22/2010,20.16,3.31,1.02,3978.49
1045,6/23/2010,20.21,3.32,1.02,3989.03
1046,6/24/2010,20.21,3.32,1.02,3988.65
1047,6/25/2010,19.76,3.25,1.04,3901.38
1048,6/28/2010,19.91,3.27,1.03,3930
1049,6/29/2010,19.68,3.23,1.04,3883.8
1050,6/30/2010,19.88,3.27,1.03,3923.41
1051,7/1/2010,21.74,3.25,1.01,3877.49
1052,7/2/2010,21.73,3.24,1.01,3874.32
1053,7/5/2010,21.8,3.25,1,3887.34
1054,7/6/2010,22.11,3.3,0.99,3942.31
1055,7/7/2010,21.87,3.27,1,3899.97
1056,7/8/2010,22.13,3.3,0.99,3946.53
1057,7/9/2010,22.43,3.35,0.97,4000.28
1058,7/12/2010,22.78,3.4,0.96,4055.66
1059,7/13/2010,23.03,3.44,0.95,4100.12
1060,7/14/2010,23.08,3.45,0.95,4110.62
1061,7/15/2010,23.01,3.44,0.95,4096.72
1062,7/16/2010,23.15,3.46,0.94,4121.54
1063,7/19/2010,23.35,3.49,0.94,4134.33
1064,7/20/2010,23.16,3.46,0.94,4100.91
1065,7/21/2010,23.13,3.45,0.95,4095.65
1066,7/22/2010,23,3.49,0.94,4134.62
1067,7/23/2010,23.03,3.49,0.94,4139.15
1068,7/26/2010,22.39,3.47,0.94,4114.75
1069,7/27/2010,22.48,3.48,0.94,4130.37
1070,7/28/2010,22.38,3.47,0.94,4112.09
1071,7/29/2010,22.65,3.41,0.95,4162.49
1072,7/30/2010,22.58,3.4,0.95,4149.68
1073,8/2/2010,23.07,3.48,0.93,4239.14
1074,8/3/2010,23.26,3.36,0.94,4273.57
1075,8/4/2010,23.26,3.36,0.94,4274.78
1076,8/5/2010,23.16,3.35,0.95,4255.13
1077,8/6/2010,23.13,3.13,1.03,4251.29
1078,8/9/2010,23.21,3.18,1.02,4308.09
1079,8/10/2010,23.13,3.16,1.02,4293.82
1080,8/11/2010,22.87,3.13,1.03,4245.96
1081,8/12/2010,23.1,3.16,1.02,4287.63
1082,8/13/2010,23.34,3.19,1.01,4332.04
1083,8/16/2010,22.94,3.15,1.02,4304.55
1084,8/17/2010,23.07,3.17,1.02,4328.24
1085,8/18/2010,23.4,3.22,1,4390.39
1086,8/19/2010,23.92,3.29,0.98,4488.36
1087,8/20/2010,23.82,3.27,0.98,4468.79
1088,8/23/2010,23.9,3.28,0.98,4484.31
1089,8/24/2010,23.81,3.27,0.98,4468.09
1090,8/25/2010,23.55,3.24,1,4419.7
1091,8/26/2010,23.62,3.25,0.99,4431.88
1092,8/27/2010,23.2,3.19,1.01,4353.04
1093,8/30/2010,23.28,3.18,1.01,4367.67
1094,8/31/2010,23.24,3.18,1.02,4360.88
1095,9/1/2010,23.43,3.2,1.01,4396.04
1096,9/2/2010,23.64,3.23,1,4435.45
1097,9/3/2010,23.62,3.23,1,4432.84
1098,9/6/2010,24.1,3.3,0.98,4522.79
1099,9/7/2010,24.05,3.29,0.98,4513.17
1100,9/8/2010,24.01,3.28,0.98,4504.89
1101,9/9/2010,24.41,3.34,0.97,4580.74
1102,9/13/2010,25.57,3.5,0.92,4754.08
1103,9/14/2010,25.75,3.52,0.92,4787
1104,9/15/2010,25.99,3.55,0.91,4832.93
1105,9/16/2010,26.09,3.57,0.9,4851.62
1106,9/17/2010,26.15,3.58,0.9,4862.45
1107,9/20/2010,26.58,3.63,0.89,4941.8
1108,9/21/2010,26.64,3.64,0.89,4953.76
1109,9/22/2010,26.78,3.66,0.88,4979.33
1110,9/23/2010,26.49,3.62,0.89,4925.76
1111,9/24/2010,26.77,3.66,0.88,4976.62
1112,9/27/2010,26.73,3.66,0.88,4971.22
1113,9/28/2010,26.61,3.64,0.89,4949.37
1114,9/29/2010,26.52,3.63,0.89,4931.84
1115,9/30/2010,26.9,3.68,0.88,5003.48
1116,10/1/2010,27.36,3.74,0.86,5087.28
1117,10/4/2010,27.62,3.78,0.85,5134.62
1118,10/5/2010,27.38,3.75,0.86,5090.53
1119,10/6/2010,27.46,3.76,0.86,5106.36
1120,10/7/2010,27.16,3.72,0.87,5049.75
1121,10/8/2010,27.01,3.7,0.88,5022.2
1122,10/11/2010,27.13,3.71,0.87,5045.18
1123,10/12/2010,26.91,3.68,0.88,5002.62
1124,10/13/2010,27.6,3.78,0.86,5131.39
1125,10/14/2010,27.27,3.73,0.87,5070.39
1126,10/15/2010,26.76,3.66,0.89,4974.85
1127,10/18/2010,26.33,3.66,0.89,4967.53
1128,10/19/2010,26.12,3.63,0.9,4928.16
1129,10/20/2010,25.8,3.58,0.91,4867.76
1130,10/21/2010,26.27,3.65,0.89,4956.37
1131,10/22/2010,26.09,3.62,0.9,4921.86
1132,10/25/2010,26.29,3.65,0.89,4961.01
1133,10/26/2010,25.78,3.62,0.9,4922.65
1134,10/27/2010,25.41,3.57,0.91,4852.56
1135,10/28/2010,25.36,3.56,0.91,4842.3
1136,10/29/2010,25.73,3.62,0.9,4914.03
1137,11/1/2010,26.53,3.73,0.87,5065.13
1138,11/2/2010,26.5,3.72,0.87,5060.18
1139,11/3/2010,26.82,3.77,0.86,5120.7
1140,11/4/2010,27.07,3.86,0.84,5247.88
1141,11/5/2010,27.2,3.88,0.84,5273.78
1142,11/8/2010,26.84,3.83,0.85,5202.56
1143,11/9/2010,26.82,3.83,0.85,5199.2
1144,11/10/2010,26.58,3.79,0.86,5153.26
1145,11/11/2010,26.19,3.74,0.87,5078.3
1146,11/12/2010,25.57,3.65,0.89,4956.95
1147,11/15/2010,25.97,3.71,0.87,5045.02
1148,11/16/2010,25.51,3.65,0.89,4956.87
1149,11/18/2010,25.14,3.6,0.9,4884.15
1150,11/19/2010,24.71,3.54,0.92,4801.53
1151,11/22/2010,25.43,3.64,0.89,4940.7
1152,11/23/2010,25.01,3.57,0.91,4853.13
1153,11/24/2010,24.36,3.48,0.93,4727.51
1154,11/25/2010,24.08,3.44,0.94,4673.49
1155,11/26/2010,23.94,3.42,0.95,4646.82
1156,11/29/2010,24.25,3.46,0.94,4705.69
1157,11/30/2010,24.48,3.5,0.93,4750.75
1158,12/1/2010,25.11,3.59,0.91,4873.88
1159,12/2/2010,25.42,3.63,0.89,4933.88
1160,12/3/2010,25.16,3.6,0.9,4882.8
1161,12/6/2010,24.76,3.54,0.92,4805
1162,12/7/2010,24.18,3.46,0.94,4692.35
1163,12/8/2010,23.65,3.38,0.96,4589.33
1164,12/9/2010,22.91,3.27,0.99,4445.53
1165,12/10/2010,23.46,3.35,0.97,4553.43
1166,12/13/2010,23.75,3.39,0.96,4607.25
1167,12/14/2010,23.86,3.41,0.95,4628.23
1168,12/15/2010,23.21,3.32,0.98,4503.16
1169,12/16/2010,23.56,3.37,0.97,4569.54
1170,12/20/2010,23.36,3.34,0.97,4532.05
1171,12/21/2010,23.83,3.41,0.95,4622.53
1172,12/22/2010,23.71,3.39,0.96,4599.63
1173,12/23/2010,23.73,3.39,0.96,4603.84
1174,12/24/2010,23.72,3.39,0.96,4601.2
1175,12/27/2010,23.68,3.38,0.96,4593.83
1176,12/28/2010,23.65,3.38,0.96,4588.19
1177,12/29/2010,24.07,3.44,0.94,4669.02
1178,12/30/2010,24.17,3.45,0.94,4689.45
1179,12/31/2010,24.45,3.49,0.93,4742.46
1180,1/3/2011,24.51,3.51,0.93,4763.91
1181,1/4/2011,24.06,3.44,0.95,4678
1182,1/5/2011,23.46,3.36,0.98,4559.84
1183,1/6/2011,23.21,3.32,0.99,4512.67
1184,1/7/2011,22.83,3.27,1,4437.19
1185,1/10/2011,22.07,3.16,1.04,4284.97
1186,1/11/2011,22.28,3.19,1.03,4327.11
1187,1/12/2011,22.93,3.28,1,4452.19
1188,1/13/2011,22.19,3.18,1.03,4308.8
1189,1/14/2011,21.34,3.08,1.06,4182.28
1190,1/17/2011,21.52,3.11,1.05,4217.72
1191,1/18/2011,21.61,3.15,1.04,4268.26
1192,1/19/2011,21.56,3.14,1.04,4258.24
1193,1/20/2011,21.91,3.19,1.03,4326.99
1194,1/21/2011,21.87,3.2,1.02,4336.88
1195,1/24/2011,21.86,3.27,1,4434.35
1196,1/25/2011,21.4,3.2,1.02,4341.5
1197,1/27/2011,21.08,3.15,1.04,4276.21
1198,1/28/2011,20.57,3.1,1.06,4212.55
1199,1/31/2011,20.44,3.09,1.06,4193.08
1200,2/1/2011,20.15,3.05,1.07,4141.85
1201,2/2/2011,20.04,3.04,1.08,4119.82
1202,2/3/2011,20.41,3.09,1.06,4195.2
1203,2/4/2011,19.94,3.02,1.08,4099.66
1204,2/7/2011,19.81,3,1.09,4072.42
1205,2/8/2011,19.45,2.95,1.11,3997
1206,2/9/2011,19.43,2.94,1.11,3993.32
1207,2/10/2011,19.27,2.92,1.12,3960.12
1208,2/11/2011,20.01,3.03,1.08,4112.31
1209,2/14/2011,20.64,3.13,1.05,4248.27
1210,2/15/2011,20.91,3.17,1.03,4304.05
1211,2/16/2011,20.78,3.15,1.04,4277.38
1212,2/17/2011,21.24,3.22,1.02,4371.93
1213,2/18/2011,20.9,3.17,1.03,4302.6
1214,2/21/2011,21.08,3.2,1.02,4338.23
1215,2/22/2011,20.72,3.15,1.04,4264.54
1216,2/23/2011,20.44,3.1,1.06,4208.21
1217,2/24/2011,19.62,2.98,1.1,4038.95
1218,2/25/2011,20.01,3.04,1.08,4118.51
1219,2/28/2011,20.08,3.05,1.07,4132.57
1220,3/1/2011,20.94,3.18,1.03,4309.58
1221,3/3/2011,21.08,3.2,1.02,4339.94
1222,3/4/2011,21.22,3.22,1.02,4367.57
1223,3/7/2011,20.82,3.16,1.04,4285.8
1224,3/8/2011,21.06,3.2,1.02,4334.29
1225,3/9/2011,21.12,3.21,1.02,4347.59
1226,3/10/2011,20.91,3.17,1.03,4304.11
1227,3/11/2011,20.7,3.14,1.04,4260.81
1228,3/14/2011,20.98,3.19,1.03,4318.68
1229,3/15/2011,20.65,3.13,1.05,4249.73
1230,3/16/2011,20.98,3.19,1.03,4318.32
1231,3/17/2011,20.7,3.14,1.04,4260.18
1232,3/18/2011,20.42,3.1,1.06,4202.18
1233,3/21/2011,20.46,3.11,1.06,4209.86
1234,3/22/2011,20.64,3.13,1.05,4247.33
1235,3/23/2011,20.97,3.18,1.03,4316.6
1236,3/24/2011,21.18,3.22,1.02,4360.02
1237,3/25/2011,21.8,3.31,0.99,4486.67
1238,3/28/2011,22.06,3.35,0.98,4539.7
1239,3/29/2011,22.21,3.37,0.97,4571.14
1240,3/30/2011,22.57,3.43,0.96,4645.02
1241,3/31/2011,22.49,3.41,0.96,4629.58
1242,4/1/2011,22.41,3.4,0.96,4612.49
1243,4/4/2011,22.73,3.45,0.95,4678.01
1244,4/5/2011,22.68,3.44,0.95,4668.71
1245,4/6/2011,22.61,3.43,0.95,4654.22
1246,4/7/2011,22.72,3.45,0.95,4675.76
1247,4/8/2011,22.56,3.42,0.96,4642.27
1248,4/11/2011,22.27,3.38,0.97,4580.62
1249,4/13/2011,22.83,3.47,0.95,4696.74
1250,4/15/2011,22.58,3.43,0.96,4644.97
1251,4/18/2011,22.15,3.36,0.97,4556.96
1252,4/19/2011,22.06,3.38,0.97,4580.74
1253,4/20/2011,22.5,3.45,0.95,4672.63
1254,4/21/2011,22.74,3.49,0.94,4722.81
1255,4/25/2011,22.5,3.47,0.94,4705.86
1256,4/26/2011,22.43,3.46,0.95,4691.96
1257,4/27/2011,22.28,3.44,0.95,4660.56
1258,4/28/2011,22.14,3.42,0.96,4630.32
1259,4/29/2011,21.33,3.37,0.97,4562.54
1260,5/2/2011,20.86,3.31,0.99,4481.8
1261,5/3/2011,20.27,3.21,1.02,4353.2
1262,5/4/2011,20.15,3.19,1.03,4327.88
1263,5/5/2011,19.77,3.14,1.04,4251.14
1264,5/6/2011,20.38,3.24,1.01,4388.1
1265,5/9/2011,20.27,3.22,1.02,4363.22
1266,5/10/2011,20.16,3.2,1.02,4339.58
1267,5/11/2011,20.1,3.22,1.02,4361.85
1268,5/12/2011,19.73,3.16,1.04,4281.86
1269,5/13/2011,19.93,3.19,1.03,4325.44
1270,5/16/2011,19.66,3.15,1.04,4269.26
1271,5/17/2011,19.32,3.1,1.06,4196.84
1272,5/18/2011,19.96,3.1,1.06,4197.39
1273,5/19/2011,19.9,3.09,1.06,4183.39
1274,5/20/2011,20.18,3.13,1.05,4244
1275,5/23/2011,19.69,3.05,1.07,4139.03
1276,5/24/2011,19.77,3.07,1.07,4156.42
1277,5/25/2011,19.57,3.04,1.08,4115.16
1278,5/26/2011,19.7,3.06,1.07,4150.94
1279,5/27/2011,20.19,3.14,1.04,4253.78
1280,5/30/2011,20.38,3.17,1.03,4292.78
1281,5/31/2011,20.8,3.24,1.01,4385.05
1282,6/1/2011,20.87,3.25,1.01,4399.04
1283,6/2/2011,20.53,3.19,1.03,4327.64
1284,6/3/2011,20.33,3.16,1.04,4285.35
1285,6/6/2011,20.33,3.18,1.03,4321.04
1286,6/7/2011,20.33,3.18,1.03,4320.73
1287,6/8/2011,20.13,3.15,1.04,4278.07
1288,6/9/2011,20.06,3.14,1.05,4263.1
1289,6/10/2011,19.94,3.12,1.05,4237.51
1290,6/13/2011,19.97,3.12,1.05,4243.29
1291,6/14/2011,20.07,3.14,1.05,4263.51
1292,6/15/2011,19.78,3.09,1.06,4202.82
1293,6/16/2011,19.67,3.08,1.07,4178.23
1294,6/17/2011,19.63,3.07,1.07,4171.17
1295,6/20/2011,19.37,3.03,1.08,4115.86
1296,6/21/2011,19.41,3.04,1.08,4123.65
1297,6/22/2011,19.44,3.04,1.08,4131.08
1298,6/23/2011,19.51,3.05,1.08,4144.04
1299,6/24/2011,20.17,3.16,1.04,4284.6
1300,6/27/2011,20.48,3.2,1.02,4351.43
1301,6/28/2011,20.6,3.17,1.04,4376.32
1302,6/29/2011,20.86,3.21,1.02,4430.83
1303,6/30/2011,21.06,3.25,1.01,4474.28
1304,7/1/2011,21.07,3.28,0.99,4484.46
1305,7/4/2011,21.26,3.3,0.98,4524.65
1306,7/5/2011,21.29,3.31,0.98,4530.93
1307,7/6/2011,21.18,3.29,0.99,4506.52
1308,7/7/2011,21.47,3.34,0.98,4568.83
1309,7/8/2011,21.16,3.29,0.99,4503.54
1310,7/11/2011,20.8,3.25,1,4451.88
1311,7/12/2011,20.51,3.21,1.02,4389.84
1312,7/13/2011,20.77,3.25,1,4445.22
1313,7/14/2011,21.05,3.29,0.99,4505.66
1314,7/15/2011,20.97,3.28,0.99,4487.72
1315,7/18/2011,21.03,3.29,0.99,4498.55
1316,7/19/2011,21.16,3.31,0.98,4526.4
1317,7/20/2011,20.7,3.27,1,4467.44
1318,7/21/2011,20.52,3.24,1.01,4428.14
1319,7/22/2011,20.88,3.3,0.99,4516.73
1320,7/25/2011,20.93,3.33,0.98,4552.42
1321,7/26/2011,20.4,3.24,1,4436.43
1322,7/27/2011,20.26,3.22,1.01,4411.59
1323,7/28/2011,19.9,3.17,1.03,4334.78
1324,7/29/2011,19.96,3.18,1.02,4350.98
1325,8/1/2011,19.82,3.2,1.02,4375.94
1326,8/2/2011,19.47,3.14,1.04,4299.49
1327,8/3/2011,19.28,3.07,0.96,4257.44
1328,8/4/2011,19.09,3.04,0.97,4217.67
1329,8/5/2011,18.75,2.98,0.99,4142.74
1330,8/8/2011,18.49,2.94,1,4076.85
1331,8/9/2011,18.51,2.95,1,4081.39
1332,8/10/2011,18.97,3.02,0.98,4182.56
1333,8/11/2011,18.89,3.01,0.98,4165.35
1334,8/12/2011,18.57,2.96,1,4093.8
1335,8/16/2011,18.25,2.91,1.02,4023.12
1336,8/17/2011,18.56,2.9,1.02,4011.2
1337,8/18/2011,17.91,2.61,1.29,3871.78
1338,8/19/2011,17.62,2.57,1.31,3810.03
1339,8/22/2011,17.7,2.58,1.3,3825.87
1340,8/23/2011,17.83,2.6,1.3,3854.61
1341,8/24/2011,17.59,2.57,1.31,3802.43
1342,8/25/2011,17.24,2.52,1.34,3727.96
1343,8/26/2011,16.91,2.47,1.37,3655.23
1344,8/29/2011,17.61,2.57,1.31,3806.01
1345,8/30/2011,18.01,2.63,1.28,3893.85
1346,9/2/2011,18.12,2.64,1.27,3917.11
1347,9/5/2011,18.1,2.64,1.28,3912.77
1348,9/6/2011,18.22,2.66,1.27,3938.64
1349,9/7/2011,18.55,2.71,1.24,4010.68
1350,9/8/2011,18.59,2.71,1.24,4018.36
1351,9/9/2011,18.24,2.66,1.27,3942.52
1352,9/12/2011,17.75,2.59,1.3,3836.64
1353,9/13/2011,17.65,2.58,1.31,3814.82
1354,9/14/2011,17.84,2.6,1.29,3855.98
1355,9/15/2011,18.17,2.65,1.27,3926.11
1356,9/16/2011,18.35,2.68,1.26,3965.12
1357,9/19/2011,18.11,2.64,1.27,3914.11
1358,9/20/2011,18.57,2.71,1.24,4012.22
1359,9/21/2011,18.71,2.73,1.23,4043.22
1360,9/22/2011,17.89,2.61,1.29,3867.06
1361,9/23/2011,17.56,2.56,1.32,3793.8
1362,9/26/2011,17.52,2.56,1.32,3785.89
1363,9/27/2011,17.97,2.62,1.29,3883.3
1364,9/28/2011,17.77,2.59,1.3,3840.74
1365,9/29/2011,18.07,2.64,1.28,3905.35
1366,9/30/2011,17.74,2.59,1.3,3833.46
1367,10/3/2011,17.29,2.52,1.34,3736.98
1368,10/4/2011,16.83,2.46,1.37,3636.93
1369,10/5/2011,16.54,2.41,1.4,3575.07
1370,10/7/2011,17.16,2.51,1.35,3709.48
1371,10/10/2011,17.49,2.55,1.32,3778.73
1372,10/11/2011,17.55,2.56,1.32,3790.43
1373,10/12/2011,18.02,2.63,1.28,3892.81
1374,10/13/2011,18.1,2.64,1.28,3909.4
1375,10/14/2011,18.22,2.66,1.27,3935.64
1376,10/17/2011,18.33,2.68,1.26,3960.66
1377,10/18/2011,18.01,2.65,1.27,3915.08
1378,10/19/2011,18.41,2.7,1.25,4002.49
1379,10/20/2011,17.92,2.66,1.27,3932.6
1380,10/21/2011,17.78,2.64,1.28,3901.37
1381,10/24/2011,17.7,2.64,1.28,3902.21
1382,10/25/2011,17.72,2.64,1.28,3908.4
1383,10/26/2011,17.75,2.65,1.27,3915.39
1384,10/28/2011,18.41,2.75,1.23,4065.23
1385,10/31/2011,18.46,2.75,1.22,4076.53
1386,11/1/2011,17.94,2.71,1.24,4014.75
1387,11/2/2011,17.87,2.7,1.25,3999.68
1388,11/3/2011,17.87,2.7,1.25,3999.66
1389,11/4/2011,17.96,2.72,1.24,4019.35
1390,11/8/2011,17.97,2.72,1.24,4020.11
1391,11/9/2011,17.49,2.66,1.27,3942.32
1392,11/11/2011,16.92,2.58,1.31,3821.75
1393,11/14/2011,16.91,2.58,1.31,3816.15
1394,11/15/2011,16.62,2.53,1.33,3737.6
1395,11/16/2011,16.54,2.51,1.34,3718.36
1396,11/17/2011,16.28,2.47,1.36,3660.46
1397,11/18/2011,16.22,2.46,1.37,3647.63
1398,11/21/2011,15.69,2.38,1.41,3527.1
1399,11/22/2011,15.87,2.41,1.4,3566.47
1400,11/23/2011,15.47,2.35,1.43,3476.81
1401,11/24/2011,15.56,2.36,1.43,3496.64
1402,11/25/2011,15.48,2.35,1.43,3479.34
1403,11/28/2011,16.12,2.45,1.38,3622.59
1404,11/29/2011,15.85,2.41,1.4,3562.79
1405,11/30/2011,15.8,2.4,1.4,3552.28
1406,12/1/2011,16.35,2.48,1.36,3676.08
1407,12/2/2011,16.84,2.56,1.32,3784.94
1408,12/5/2011,16.82,2.56,1.32,3780.88
1409,12/7/2011,16.91,2.57,1.31,3801.48
1410,12/8/2011,16.48,2.5,1.35,3703.31
1411,12/9/2011,16.22,2.46,1.37,3645.03
1412,12/12/2011,15.76,2.39,1.41,3541.06
1413,12/13/2011,15.81,2.4,1.4,3553.72
1414,12/14/2011,15.65,2.38,1.42,3518.22
1415,12/15/2011,15.59,2.37,1.42,3503.86
1416,12/16/2011,15.15,2.3,1.46,3403.92
1417,12/19/2011,14.74,2.24,1.5,3313.51
1418,12/20/2011,14.64,2.22,1.51,3291.05
1419,12/21/2011,15.32,2.33,1.45,3443.84
1420,12/22/2011,15.62,2.37,1.42,3511.13
1421,12/23/2011,15.49,2.35,1.43,3480.77
1422,12/26/2011,15.62,2.37,1.42,3510.92
1423,12/27/2011,15.5,2.36,1.43,3483.87
1424,12/28/2011,15.25,2.32,1.45,3428.1
1425,12/29/2011,15.08,2.29,1.47,3389.21
1426,12/30/2011,14.98,2.28,1.48,3367.67
1427,1/2/2012,14.99,2.28,1.48,3369.94
1428,1/3/2012,15.55,2.36,1.43,3495.58
1429,1/4/2012,15.63,2.38,1.42,3513.79
1430,1/5/2012,15.8,2.4,1.4,3552.01
1431,1/6/2012,15.83,2.41,1.4,3558
1432,1/7/2012,15.77,2.4,1.41,3545.18
1433,1/9/2012,15.79,2.4,1.4,3547.91
1434,1/10/2012,16.24,2.47,1.37,3648.7
1435,1/11/2012,16.38,2.49,1.35,3680.2
1436,1/12/2012,16.55,2.51,1.34,3718.71
1437,1/13/2012,16.56,2.52,1.34,3732.96
1438,1/16/2012,16.51,2.52,1.34,3721.23
1439,1/17/2012,16.68,2.53,1.34,3759.19
1440,1/18/2012,16.7,2.53,1.34,3763.92
1441,1/19/2012,17.04,2.58,1.31,3841.62
1442,1/20/2012,17.43,2.64,1.28,3928.81
1443,1/23/2012,17.42,2.64,1.28,3926.79
1444,1/24/2012,17.58,2.71,1.25,4036.49
1445,1/25/2012,17.7,2.72,1.24,4064.05
1446,1/27/2012,17.63,2.71,1.25,4046.21
1447,1/30/2012,17.15,2.64,1.28,3938
1448,1/31/2012,17.75,2.73,1.24,4074.25
1449,2/1/2012,17.81,2.74,1.24,4087.63
1450,2/2/2012,17.53,2.74,1.24,4089.59
1451,2/3/2012,17.83,2.78,1.22,4159.28
1452,2/6/2012,17.95,2.81,1.2,4206.59
1453,2/7/2012,17.9,2.8,1.21,4195.53
1454,2/8/2012,17.95,2.76,1.26,4205.72
1455,2/9/2012,18.22,2.8,1.25,4269.63
1456,2/10/2012,18.06,2.77,1.26,4231.86
1457,2/13/2012,18.06,2.78,1.25,4241.12
1458,2/14/2012,18.08,2.8,1.24,4273
1459,2/15/2012,18.64,2.89,1.21,4407.19
1460,2/16/2012,18.72,2.9,1.2,4426.06
1461,2/17/2012,18.95,2.94,1.19,4479.48
1462,2/21/2012,19.07,2.99,1.18,4509.05
1463,2/22/2012,18.45,2.89,1.22,4361.41
1464,2/23/2012,18.37,2.89,1.22,4342.85
1465,2/24/2012,17.94,2.82,1.25,4241.49
1466,2/27/2012,17.35,2.73,1.3,4100.6
1467,2/28/2012,17.88,2.81,1.26,4227.3
1468,2/29/2012,17.78,2.8,1.26,4203.45
1469,3/1/2012,17.61,2.77,1.28,4162.6
1470,3/2/2012,17.8,2.8,1.26,4207.4
1471,3/3/2012,17.81,2.8,1.26,4209.45
1472,3/5/2012,17.39,2.74,1.29,4109.9
1473,3/6/2012,17.19,2.71,1.31,4064.1
1474,3/7/2012,17.3,2.72,1.3,4089.2
1475,3/9/2012,17.97,2.83,1.25,4248.1
1476,3/12/2012,18.24,2.88,1.24,4279.9
1477,3/13/2012,18.4,2.91,1.23,4317.15
1478,3/14/2012,18.62,2.94,1.22,4368.85
1479,3/15/2012,18.12,2.86,1.25,4249.7
1480,3/16/2012,17.91,2.83,1.26,4201.75
1481,3/19/2012,17.54,2.77,1.29,4115.55
1482,3/20/2012,17.7,2.8,1.28,4151.4
1483,3/21/2012,18.11,2.86,1.25,4249.15
1484,3/22/2012,17.57,2.78,1.29,4120.75
1485,3/23/2012,17.74,2.8,1.28,4160.95
1486,3/26/2012,17.32,2.74,1.31,4062.1
1487,3/27/2012,17.55,2.77,1.29,4117.15
1488,3/28/2012,17.25,2.73,1.31,4047.35
1489,3/29/2012,17.25,2.73,1.31,4046
1490,3/30/2012,17.66,2.79,1.28,4143.75
1491,4/2/2012,17.87,2.82,1.27,4191.45
1492,4/3/2012,18.09,2.86,1.25,4244.4
1493,4/4/2012,17.94,2.84,1.26,4207.2
1494,4/9/2012,17.54,2.77,1.29,4113.8
1495,4/10/2012,17.66,2.79,1.28,4142.65
1496,4/11/2012,17.7,2.8,1.28,4151.15
1497,4/12/2012,17.96,2.84,1.26,4213.25
1498,4/13/2012,17.83,2.82,1.27,4182.2
1499,4/16/2012,18.11,2.87,1.25,4213.65
1500,4/17/2012,18.29,2.9,1.24,4255.85
1501,4/18/2012,18.26,2.89,1.24,4248
1502,4/19/2012,18.23,2.91,1.23,4282.6
1503,4/20/2012,18.02,2.88,1.24,4233.55
1504,4/23/2012,17.74,2.84,1.26,4167.2
1505,4/24/2012,17.68,2.83,1.27,4155.35
1506,4/25/2012,17.56,2.81,1.28,4126.85
1507,4/26/2012,17.48,2.8,1.28,4107.2
1508,4/27/2012,17.53,2.8,1.28,4120.05
1509,4/28/2012,17.63,2.82,1.27,4143.1
1510,4/30/2012,17.68,2.83,1.27,4154.15
1511,5/2/2012,17.32,2.83,1.26,4163.6
1512,5/3/2012,17.06,2.79,1.28,4100.4
1513,5/4/2012,16.59,2.71,1.32,3986.6
1514,5/7/2012,16.71,2.73,1.31,4016.45
1515,5/8/2012,16.29,2.67,1.34,3915.85
1516,5/9/2012,16.03,2.63,1.36,3861.4
1517,5/10/2012,16.03,2.63,1.36,3860.55
1518,5/11/2012,15.91,2.62,1.37,3847.25
1519,5/14/2012,15.85,2.6,1.38,3804.95
1520,5/15/2012,15.95,2.61,1.37,3827.3
1521,5/16/2012,15.6,2.55,1.4,3742.6
1522,5/17/2012,15.67,2.57,1.4,3759.7
1523,5/18/2012,15.87,2.6,1.38,3808
1524,5/21/2012,15.17,2.63,1.36,3847.25
1525,5/22/2012,14.98,2.59,1.38,3800.5
1526,5/23/2012,14.88,2.58,1.39,3775.1
1527,5/24/2012,15.24,2.65,1.35,3884.55
1528,5/25/2012,15.23,2.65,1.35,3880.85
1529,5/28/2012,15.56,2.71,1.32,3964.8
1530,5/29/2012,15.45,2.7,1.33,3959.6
1531,5/30/2012,15.21,2.66,1.35,3900.55
1532,5/31/2012,15.09,2.64,1.36,3869.1
1533,6/1/2012,14.82,2.59,1.38,3799.8
1534,6/4/2012,14.91,2.61,1.37,3821.7
1535,6/5/2012,15.02,2.63,1.36,3850.45
1536,6/6/2012,15.43,2.7,1.33,3954.5
1537,6/7/2012,15.7,2.75,1.3,4028.5
1538,6/8/2012,15.74,2.76,1.3,4038.2
1539,6/11/2012,15.73,2.75,1.3,4033.65
1540,6/12/2012,15.95,2.79,1.28,4090.25
1541,6/13/2012,15.96,2.8,1.28,4093.15
1542,6/14/2012,15.54,2.72,1.32,3985.05
1543,6/15/2012,15.84,2.77,1.29,4062.9
1544,6/18/2012,15.42,2.7,1.33,3954.7
1545,6/19/2012,15.51,2.72,1.32,3975.85
1546,6/20/2012,15.55,2.72,1.32,3986.25
1547,6/21/2012,15.83,2.77,1.29,4059.5
1548,6/22/2012,15.78,2.76,1.3,4047.55
1549,6/25/2012,15.67,2.74,1.31,4018.5
1550,6/26/2012,15.71,2.75,1.3,4028.05
1551,6/27/2012,15.81,2.77,1.29,4053.3
1552,6/28/2012,15.79,2.77,1.3,4049.25
1553,6/29/2012,16.27,2.85,1.26,4171.65
1554,7/2/2012,16.41,2.87,1.25,4207.65
1555,7/3/2012,16.56,2.9,1.24,4245.65
1556,7/4/2012,16.64,2.91,1.23,4267.1
1557,7/5/2012,16.8,2.94,1.22,4307.05
1558,7/6/2012,16.85,2.95,1.21,4320.75
1559,7/9/2012,16.75,2.93,1.22,4285.5
1560,7/10/2012,17,2.98,1.2,4350.8
1561,7/11/2012,16.93,2.96,1.21,4331.3
1562,7/12/2012,16.78,2.94,1.22,4293.9
1563,7/13/2012,16.67,2.94,1.22,4289.65
1564,7/16/2012,16.52,2.93,1.22,4285.95
1565,7/17/2012,16.51,2.93,1.22,4285.85
1566,7/18/2012,16.61,2.95,1.21,4311.5
1567,7/19/2012,16.62,2.96,1.21,4331.8
1568,7/20/2012,16.37,2.92,1.23,4270.45
1569,7/23/2012,16.08,2.87,1.25,4194.95
1570,7/24/2012,16.1,2.87,1.25,4200.05
1571,7/25/2012,16.06,2.81,1.29,4188.8
1572,7/26/2012,15.84,2.77,1.31,4127.35
1573,7/27/2012,15.68,2.79,1.3,4159.6
1574,7/30/2012,16.04,2.85,1.27,4255.55
1575,7/31/2012,16.05,2.86,1.27,4268.15
1576,8/1/2012,16.16,2.88,1.26,4298.1
1577,8/2/2012,16.1,2.87,1.26,4281.55
1578,8/3/2012,16.02,2.86,1.27,4261
1579,8/6/2012,16.27,2.9,1.25,4328.95
1580,8/7/2012,16.49,2.94,1.23,4389.45
1581,8/8/2012,16.42,2.93,1.24,4371.15
1582,8/9/2012,16.24,2.9,1.25,4321.45
1583,8/10/2012,16.12,2.87,1.26,4288.95
1584,8/13/2012,16.34,2.92,1.24,4339.1
1585,8/14/2012,15.97,2.9,1.3,4357.9
1586,8/16/2012,15.91,2.78,1.33,4343.4
1587,8/17/2012,15.9,2.59,1.42,4346.6
1588,8/21/2012,16.09,2.62,1.4,4398.45
1589,8/22/2012,16.04,2.61,1.41,4383.8
1590,8/23/2012,15.98,2.6,1.41,4367.75
1591,8/24/2012,15.85,2.58,1.42,4332
1592,8/27/2012,15.63,2.54,1.44,4271.25
1593,8/28/2012,15.53,2.52,1.45,4243.95
1594,8/29/2012,15.42,2.51,1.46,4214.25
1595,8/30/2012,15.57,2.53,1.45,4255.1
1596,8/31/2012,15.49,2.52,1.46,4233.25
1597,9/3/2012,15.43,2.51,1.46,4218.5
1598,9/4/2012,15.44,2.51,1.46,4220.95
1599,9/5/2012,15.22,2.48,1.48,4161.15
1600,9/6/2012,15.3,2.49,1.48,4178.1
1601,9/7/2012,15.6,2.54,1.45,4261.45
1602,9/8/2012,15.64,2.54,1.44,4270.85
1603,9/10/2012,15.61,2.54,1.45,4264.3
1604,9/11/2012,15.86,2.58,1.42,4309.7
1605,9/12/2012,15.89,2.58,1.42,4319
1606,9/13/2012,15.89,2.58,1.42,4318.7
1607,9/14/2012,16.49,2.68,1.37,4482.05
1608,9/17/2012,16.93,2.75,1.33,4600.45
1609,9/18/2012,16.95,2.76,1.33,4606.55
1610,9/20/2012,16.74,2.71,1.35,4549.8
1611,9/21/2012,17.34,2.81,1.3,4713.95
1612,9/24/2012,17.37,2.81,1.3,4720.25
1613,9/25/2012,17.41,2.82,1.3,4730.45
1614,9/26/2012,17.35,2.81,1.3,4714.7
1615,9/27/2012,17.34,2.81,1.3,4712.1
1616,9/28/2012,17.43,2.83,1.29,4735.7
1617,10/1/2012,17.35,2.81,1.3,4711.75
1618,10/3/2012,17.43,2.83,1.29,4735.7
1619,10/4/2012,17.76,2.88,1.27,4823.55
1620,10/5/2012,17.42,2.82,1.3,4732.35
1621,10/8/2012,17.24,2.79,1.31,4682.05
1622,10/9/2012,17.34,2.81,1.3,4710.05
1623,10/10/2012,17.1,2.77,1.32,4645
1624,10/11/2012,17.3,2.8,1.3,4699.05
1625,10/12/2012,17.19,2.79,1.31,4669.4
1626,10/15/2012,17.25,2.8,1.31,4684.2
1627,10/16/2012,16.94,2.78,1.32,4661
1628,10/17/2012,16.98,2.78,1.32,4671.9
1629,10/18/2012,17.27,2.83,1.29,4751.95
1630,10/19/2012,17.11,2.81,1.31,4708.1
1631,10/22/2012,17.12,2.83,1.3,4742.65
1632,10/23/2012,17.08,2.79,1.3,4730.45
1633,10/25/2012,17.19,2.8,1.29,4762.1
1634,10/26/2012,16.82,2.78,1.31,4718.5
1635,10/29/2012,16.82,2.77,1.31,4709.55
1636,10/30/2012,16.51,2.72,1.33,4624.6
1637,10/31/2012,16.59,2.75,1.32,4663
1638,11/1/2012,16.67,2.76,1.32,4683.6
1639,11/2/2012,16.82,2.78,1.3,4727.2
1640,11/5/2012,16.8,2.79,1.3,4738.15
1641,11/6/2012,16.92,2.81,1.29,4770.8
1642,11/7/2012,17,2.81,1.28,4828.4
1643,11/8/2012,16.9,2.8,1.29,4800.35
1644,11/9/2012,16.57,2.77,1.31,4752.95
1645,11/12/2012,16.73,2.8,1.29,4789.05
1646,11/13/2012,16.64,2.78,1.3,4763.3
1647,11/15/2012,16.69,2.79,1.3,4776.4
1648,11/16/2012,16.39,2.74,1.32,4690.55
1649,11/19/2012,16.3,2.74,1.32,4660.15
1650,11/20/2012,16.4,2.75,1.31,4691.3
1651,11/21/2012,16.54,2.78,1.3,4730.05
1652,11/22/2012,16.58,2.78,1.3,4740.55
1653,11/23/2012,16.57,2.78,1.3,4738.75
1654,11/26/2012,16.42,2.76,1.31,4723.8
1655,11/27/2012,16.76,2.81,1.28,4820.25
1656,11/29/2012,17.24,2.89,1.25,4958.4
1657,11/30/2012,17.54,2.95,1.23,5045.65
1658,12/3/2012,17.45,2.93,1.23,5017.35
1659,12/4/2012,17.58,2.95,1.22,5053.7
1660,12/5/2012,17.65,2.97,1.22,5075.2
1661,12/6/2012,17.85,3,1.21,5131.05
1662,12/7/2012,17.76,2.98,1.21,5106.85
1663,12/10/2012,17.88,3,1.2,5139.55
1664,12/11/2012,17.9,3.01,1.2,5142.7
1665,12/12/2012,17.8,2.99,1.21,5114.25
1666,12/13/2012,17.74,2.98,1.21,5096.75
1667,12/14/2012,17.87,3,1.2,5135.45
1668,12/17/2012,17.79,2.99,1.21,5112.7
1669,12/18/2012,17.91,3.01,1.2,5146.5
1670,12/19/2012,17.88,3,1.2,5138.95
1671,12/20/2012,17.83,2.99,1.21,5122.9
1672,12/21/2012,17.63,2.96,1.22,5065.95
1673,12/24/2012,17.64,2.96,1.22,5069.6
1674,12/26/2012,17.85,3,1.21,5129.8
1675,12/27/2012,17.78,2.99,1.21,5110.95
1676,12/28/2012,17.83,3,1.21,5124.65
1677,12/31/2012,17.81,2.99,1.21,5117.4
1678,1/1/2013,18.01,3.03,1.19,5174.95
1679,1/2/2013,18.23,3.06,1.18,5237.6
1680,1/3/2013,18.23,3.06,1.18,5238.95
1681,1/4/2013,18.23,3.06,1.18,5237.6
1682,1/7/2013,18.05,3.03,1.19,5188.3
1683,1/8/2013,18.14,3.05,1.19,5211.85
1684,1/9/2013,18.06,3.03,1.19,5191.35
1685,1/10/2013,18.12,3.04,1.19,5207.7
1686,1/11/2013,17.83,3,1.21,5125.3
1687,1/14/2013,18.06,3.03,1.19,5187.3
1688,1/15/2013,18.05,3.05,1.19,5210.35
1689,1/16/2013,17.78,3,1.2,5131.3
1690,1/17/2013,17.74,2.99,1.21,5119.5
1691,1/18/2013,17.68,3.01,1.2,5153.15
1692,1/21/2013,17.62,3.01,1.2,5139.6
1693,1/22/2013,17.44,2.99,1.21,5111.55
1694,1/23/2013,17.52,3,1.2,5134.3
1695,1/24/2013,17.33,2.97,1.22,5085.6
1696,1/25/2013,17.49,3,1.2,5132.45
1697,1/28/2013,17.58,3.02,1.2,5158.8
1698,1/29/2013,17.53,3.01,1.2,5147.15
1699,1/30/2013,17.54,3.01,1.2,5152.85
1700,1/31/2013,17.1,2.99,1.21,5112.85
1701,2/1/2013,16.94,2.96,1.22,5063.6
1702,2/4/2013,16.98,2.97,1.22,5086.35
1703,2/5/2013,16.85,2.96,1.22,5059.05
1704,2/6/2013,16.86,2.96,1.22,5061.2
1705,2/7/2013,16.82,2.95,1.22,5049.25
1706,2/8/2013,16.73,2.94,1.23,5022.85
1707,2/11/2013,16.69,2.94,1.23,5018.8
1708,2/12/2013,16.73,2.94,1.23,5031.4
1709,2/13/2013,16.78,2.95,1.22,5047
1710,2/14/2013,16.67,2.93,1.23,5012.6
1711,2/15/2013,16.67,2.94,1.23,5020.25
1712,2/18/2013,16.84,2.97,1.21,5043.3
1713,2/19/2013,16.92,2.98,1.21,5065.95
1714,2/20/2013,16.85,2.97,1.21,5046.2
1715,2/21/2013,16.49,2.91,1.24,4938.6
1716,2/22/2013,16.44,2.9,1.24,4922.5
1717,2/25/2013,16.46,2.9,1.24,4928.25
1718,2/26/2013,16.09,2.84,1.27,4818.75
1719,2/27/2013,16.23,2.86,1.26,4855
1720,2/28/2013,15.67,2.76,1.31,4685.35
1721,3/1/2013,15.78,2.78,1.3,4718.95
1722,3/4/2013,15.79,2.78,1.3,4723.85
1723,3/5/2013,16.04,2.83,1.28,4798.6
1724,3/6/2013,16.17,2.85,1.27,4835
1725,3/7/2013,16.3,2.87,1.26,4876.35
1726,3/8/2013,16.68,2.94,1.23,4988.45
1727,3/11/2013,16.71,2.94,1.23,4993.5
1728,3/12/2013,16.54,2.91,1.24,4942.55
1729,3/13/2013,16.17,2.85,1.27,4834.25
1730,3/14/2013,16.46,2.9,1.24,4920.1
1731,3/15/2013,16.28,2.87,1.26,4867.1
1732,3/18/2013,16.16,2.85,1.27,4829.3
1733,3/19/2013,15.8,2.78,1.3,4721.95
1734,3/20/2013,15.49,2.73,1.32,4628.65
1735,3/21/2013,15.54,2.74,1.32,4644.85
1736,3/22/2013,15.52,2.73,1.32,4638.2
1737,3/25/2013,15.49,2.73,1.32,4629.6
1738,3/26/2013,15.61,2.75,1.31,4667.3
1739,3/28/2013,15.83,2.79,1.29,4732.25
1740,4/1/2013,15.9,2.8,1.29,4749.5
1741,4/2/2013,15.95,2.81,1.28,4764.4
1742,4/3/2013,15.75,2.77,1.3,4703.85
1743,4/4/2013,15.45,2.72,1.33,4615.25
1744,4/5/2013,15.33,2.7,1.34,4578.65
1745,4/8/2013,15.21,2.68,1.35,4543.25
1746,4/9/2013,15.11,2.66,1.36,4513.15
1747,4/10/2013,15.45,2.72,1.33,4613.45
1748,4/11/2013,15.53,2.74,1.32,4639.45
1749,4/12/2013,15.65,2.76,1.31,4674.1
1750,4/15/2013,15.78,2.78,1.3,4711.7
1751,4/16/2013,16.27,2.87,1.26,4860.15
1752,4/17/2013,16.31,2.87,1.26,4871.95
1753,4/18/2013,16.74,2.95,1.22,5000.55
1754,4/22/2013,17.09,3.01,1.2,5102.95
1755,4/23/2013,17.06,3.01,1.2,5096.5
1756,4/25/2013,17.38,3.06,1.18,5191.1
1757,4/26/2013,17.08,3.04,1.19,5151
1758,4/29/2013,17.01,3.04,1.19,5157.75
1759,4/30/2013,16.9,3.02,1.19,5123.7
1760,5/2/2013,17.12,3.06,1.18,5196.95
1761,5/3/2013,16.74,3,1.2,5083.3
1762,5/6/2013,16.73,3,1.2,5079.55
1763,5/7/2013,17.01,3.04,1.18,5162.65
1764,5/8/2013,17.16,3.07,1.17,5210.5
1765,5/9/2013,17.03,3.06,1.18,5185.7
1766,5/10/2013,17.01,3.08,1.17,5222.95
1767,5/11/2013,17.02,3.08,1.17,5226.8
1768,5/13/2013,16.74,3.03,1.19,5146.25
1769,5/14/2013,16.83,3.05,1.18,5161.85
1770,5/15/2013,17.49,3.17,1.14,5366.7
1771,5/16/2013,17.46,3.2,1.13,5417.6
1772,5/17/2013,17.54,3.22,1.12,5440.8
1773,5/20/2013,17.39,3.19,1.13,5395
1774,5/21/2013,17.29,3.17,1.14,5363.55
1775,5/22/2013,17.3,3.16,1.14,5348.8
1776,5/23/2013,16.99,3.09,1.17,5231.75
1777,5/24/2013,17.14,3.12,1.16,5279.8
1778,5/27/2013,17.43,3.17,1.14,5367.45
1779,5/28/2013,17.39,3.17,1.14,5357.1
1780,5/29/2013,17.41,3.14,1.15,5320.05
1781,5/30/2013,17.38,3.14,1.15,5310.3
1782,5/31/2013,16.88,3.05,1.18,5157.65
1783,6/3/2013,16.7,3.02,1.2,5102.75
1784,6/4/2013,16.52,2.98,1.21,5048.4
1785,6/5/2013,16.48,2.98,1.21,5036.8
1786,6/6/2013,16.57,2.99,1.21,5063.4
1787,6/7/2013,16.41,2.96,1.22,5014.8
1788,6/10/2013,16.36,2.95,1.22,4991.75
1789,6/11/2013,15.93,2.89,1.25,4876.3
1790,6/12/2013,15.84,2.87,1.26,4849.9
1791,6/13/2013,15.67,2.84,1.27,4795.7
1792,6/14/2013,16.04,2.91,1.24,4909.35
1793,6/17/2013,16.12,2.93,1.23,4942.25
1794,6/18/2013,15.95,2.9,1.25,4891.5
1795,6/19/2013,16.04,2.91,1.24,4918.9
1796,6/20/2013,15.44,2.8,1.29,4736.6
1797,6/21/2013,15.41,2.8,1.29,4726.15
1798,6/24/2013,15.24,2.77,1.3,4672.9
1799,6/25/2013,15.19,2.76,1.31,4659.35
1800,6/26/2013,15.07,2.74,1.32,4623
1801,6/27/2013,15.36,2.76,1.31,4710.1
1802,6/28/2013,15.92,2.85,1.26,4882
1803,7/1/2013,16.04,2.86,1.26,4920
1804,7/2/2013,15.89,2.83,1.27,4874.4
1805,7/3/2013,15.53,2.76,1.3,4762.4
1806,7/4/2013,15.54,2.7,1.34,4764.7
1807,7/5/2013,15.61,2.71,1.33,4785.8
1808,7/8/2013,15.32,2.66,1.36,4691.75
1809,7/9/2013,15.51,2.7,1.34,4749.85
1810,7/10/2013,15.43,2.68,1.35,4725.45
1811,7/11/2013,15.83,2.75,1.31,4845.95
1812,7/12/2013,15.91,2.76,1.31,4870.7
1813,7/15/2013,15.96,2.77,1.3,4886.85
1814,7/16/2013,15.26,2.65,1.36,4671.75
1815,7/17/2013,15.02,2.61,1.38,4600.15
1816,7/18/2013,15.14,2.65,1.36,4676.2
1817,7/19/2013,14.83,2.6,1.39,4583.05
1818,7/22/2013,15.05,2.64,1.37,4649.5
1819,7/23/2013,15.1,2.67,1.36,4695.75
1820,7/24/2013,14.44,2.56,1.41,4510.45
1821,7/25/2013,14.31,2.54,1.42,4470
1822,7/26/2013,14.17,2.51,1.44,4428.7
1823,7/29/2013,14.02,2.41,1.53,4380.1
1824,7/30/2013,13.93,2.4,1.54,4354.55
1825,7/31/2013,13.68,2.36,1.57,4278.4
1826,8/1/2013,13.83,2.39,1.55,4336.7
1827,8/2/2013,13.68,2.37,1.56,4294.75
1828,8/5/2013,13.77,2.38,1.55,4323.9
1829,8/6/2013,13.2,2.28,1.62,4145.8
1830,8/7/2013,12.97,2.28,1.63,4130.05
1831,8/8/2013,13.11,2.3,1.61,4176.35
1832,8/12/2013,13.1,2.3,1.61,4174.05
1833,8/13/2013,13.48,2.36,1.56,4293.85
1834,8/14/2013,13.5,2.37,1.56,4299.8
1835,8/16/2013,12.78,2.24,1.65,4073.1
1836,8/19/2013,12.53,2.19,1.69,3976.35
1837,8/20/2013,12.54,2.19,1.69,3980.35
1838,8/21/2013,12.65,2.21,1.67,4014.15
1839,8/22/2013,12.6,2.2,1.68,3998.75
1840,8/23/2013,12.79,2.24,1.65,4069
1841,8/26/2013,12.68,2.22,1.67,4033.1
1842,8/27/2013,11.89,2.08,1.77,3784.75
1843,8/28/2013,11.67,2.05,1.81,3714.1
1844,8/29/2013,11.99,2.1,1.76,3815.95
1845,8/30/2013,12.23,2.14,1.73,3890.05
1846,9/2/2013,12.39,2.17,1.7,3941.4
1847,9/3/2013,11.78,2.06,1.79,3749.6
1848,9/4/2013,11.98,2.1,1.76,3812.35
1849,9/5/2013,12.92,2.26,1.63,4110.55
1850,9/6/2013,13.26,2.32,1.59,4219.9
1851,9/10/2013,13.74,2.41,1.54,4369.7
1852,9/11/2013,13.9,2.44,1.52,4421.55
1853,9/12/2013,13.72,2.32,1.57,4364.85
1854,9/13/2013,13.72,2.31,1.58,4364.55
1855,9/16/2013,13.9,2.34,1.56,4420.95
1856,9/17/2013,13.77,2.31,1.59,4381.55
1857,9/18/2013,13.89,2.33,1.58,4419.5
1858,9/19/2013,14.71,2.46,1.49,4677.95
1859,9/20/2013,14.22,2.38,1.54,4521.95
1860,9/23/2013,13.66,2.28,1.61,4344.25
1861,9/24/2013,13.67,2.22,1.65,4347.95
1862,9/25/2013,13.53,2.2,1.66,4305
1863,9/26/2013,13.6,2.21,1.66,4325.15
1864,9/27/2013,13.37,2.17,1.68,4251.8
1865,9/30/2013,13.02,2.11,1.73,4139.9
1866,10/1/2013,13.36,2.17,1.69,4247.4
1867,10/3/2013,13.74,2.18,1.7,4368.75
1868,10/4/2013,13.7,2.17,1.7,4357.05
1869,10/7/2013,13.6,2.15,1.72,4324.95
1870,10/8/2013,13.61,2.16,1.72,4327.45
1871,10/9/2013,13.85,2.19,1.69,4403.65
1872,10/10/2013,13.82,2.19,1.69,4394.25
1873,10/11/2013,14.13,2.24,1.65,4491.65
1874,10/14/2013,14.12,2.24,1.65,4489.9
1875,10/15/2013,13.88,2.2,1.68,4412.6
1876,10/17/2013,13.68,2.19,1.69,4389.15
1877,10/18/2013,14.11,2.26,1.63,4544.5
1878,10/21/2013,14.17,2.27,1.63,4562.8
1879,10/22/2013,14.13,2.27,1.63,4551
1880,10/23/2013,14.16,2.27,1.63,4562.2
1881,10/24/2013,14.21,2.28,1.62,4576.1
1882,10/25/2013,14.17,2.28,1.62,4571.5
1883,10/28/2013,14.12,2.27,1.63,4553.35
1884,10/29/2013,14.65,2.35,1.57,4723.65
1885,10/30/2013,14.72,2.37,1.56,4748.75
1886,10/31/2013,14.91,2.4,1.54,4810.3
1887,11/1/2013,15.09,2.42,1.53,4867.3
1888,11/3/2013,15.06,2.42,1.53,4857.9
1889,11/5/2013,14.81,2.4,1.54,4824.85
1890,11/6/2013,14.52,2.36,1.57,4741.8
1891,11/7/2013,14.27,2.33,1.59,4673.2
1892,11/8/2013,14.01,2.28,1.62,4587.5
1893,11/11/2013,13.86,2.26,1.64,4538.95
1894,11/12/2013,13.66,2.23,1.66,4473.7
1895,11/13/2013,13.59,2.22,1.67,4449.9
1896,11/14/2013,13.88,2.26,1.63,4544.4
1897,11/18/2013,14.28,2.33,1.59,4676.6
1898,11/19/2013,14.41,2.34,1.58,4689.3
1899,11/20/2013,14.14,2.3,1.61,4607.3
1900,11/21/2013,13.79,2.24,1.65,4492.3
1901,11/22/2013,13.98,2.24,1.65,4503.8
1902,11/25/2013,14.47,2.32,1.59,4661.6
1903,11/26/2013,14.28,2.29,1.61,4600.55
1904,11/27/2013,14.26,2.29,1.62,4594.6
1905,11/28/2013,14.28,2.29,1.61,4600.8
1906,11/29/2013,14.56,2.34,1.58,4692.3
1907,12/2/2013,14.71,2.36,1.57,4738.9
1908,12/3/2013,14.64,2.35,1.57,4718.4
1909,12/4/2013,14.51,2.33,1.59,4676.25
1910,12/5/2013,15.07,2.42,1.53,4854.95
1911,12/6/2013,15.04,2.41,1.53,4844.55
1912,12/9/2013,15.39,2.47,1.5,4957
1913,12/10/2013,15.12,2.43,1.52,4870.05
1914,12/11/2013,15.1,2.42,1.53,4864.95
1915,12/12/2013,15,2.41,1.54,4830.65
1916,12/13/2013,14.66,2.35,1.57,4723.35
1917,12/16/2013,14.66,2.35,1.57,4723.3
1918,12/17/2013,14.51,2.32,1.6,4649.1
1919,12/18/2013,14.73,2.35,1.57,4718.15
1920,12/19/2013,14.38,2.29,1.61,4605.7
1921,12/20/2013,14.71,2.35,1.58,4712
1922,12/23/2013,14.73,2.35,1.57,4719.65
1923,12/24/2013,14.66,2.34,1.58,4695.75
1924,12/26/2013,14.71,2.35,1.58,4712.4
1925,12/27/2013,14.83,2.37,1.56,4749.15
1926,12/30/2013,14.78,2.36,1.57,4733.5
1927,12/31/2013,14.81,2.36,1.57,4742.9
1928,1/1/2014,14.79,2.36,1.57,4737.6
